{"timestamp":"2026-09-15T06:36:55.258547Z","level":"info","event":"Filling up the DagBag from /opt/airflow/dags/bash_dag.py","logger":"airflow.dag_processing.dagbag.BundleDagBag","filename":"dagbag.py","lineno":460}
{"timestamp":"2026-09-15T06:36:55.325088Z","level":"warning","event":"The `airflow.operators.bash.BashOperator` attribute is deprecated. Please use `'airflow.providers.standard.operators.bash.BashOperator'`.","category":"UserWarning","filename":"/opt/airflow/dags/bash_dag.py","lineno":2,"logger":"py.warnings"}
{"timestamp":"2026-09-15T06:37:26.298311Z","level":"info","event":"Filling up the DagBag from /opt/airflow/dags/bash_dag.py","logger":"airflow.dag_processing.dagbag.BundleDagBag","filename":"dagbag.py","lineno":460}
{"timestamp":"2026-09-15T06:37:26.355754Z","level":"warning","event":"The `airflow.operators.bash.BashOperator` attribute is deprecated. Please use `'airflow.providers.standard.operators.bash.BashOperator'`.","category":"UserWarning","filename":"/opt/airflow/dags/bash_dag.py","lineno":2,"logger":"py.warnings"}
{"timestamp":"2026-09-15T06:37:57.235107Z","level":"info","event":"Filling up the DagBag from /opt/airflow/dags/bash_dag.py","logger":"airflow.dag_processing.dagbag.BundleDagBag","filename":"dagbag.py","lineno":460}
{"timestamp":"2026-09-15T06:37:57.374093Z","level":"warning","event":"The `airflow.operators.bash.BashOperator` attribute is deprecated. Please use `'airflow.providers.standard.operators.bash.BashOperator'`.","category":"UserWarning","filename":"/opt/airflow/dags/bash_dag.py","lineno":2,"logger":"py.warnings"}
{"timestamp":"2026-09-15T06:38:28.148394Z","level":"info","event":"Filling up the DagBag from /opt/airflow/dags/bash_dag.py","logger":"airflow.dag_processing.dagbag.BundleDagBag","filename":"dagbag.py","lineno":460}
{"timestamp":"2026-09-15T06:38:28.189853Z","level":"warning","event":"The `airflow.operators.bash.BashOperator` attribute is deprecated. Please use `'airflow.providers.standard.operators.bash.BashOperator'`.","category":"UserWarning","filename":"/opt/airflow/dags/bash_dag.py","lineno":2,"logger":"py.warnings"}
{"timestamp":"2026-09-15T06:38:38.453876Z","level":"info","event":"Filling up the DagBag from /opt/airflow/dags/bash_dag.py","logger":"airflow.dag_processing.dagbag.BundleDagBag","filename":"dagbag.py","lineno":460}
{"timestamp":"2026-09-15T06:38:38.557255Z","level":"warning","event":"The `airflow.operators.bash.BashOperator` attribute is deprecated. Please use `'airflow.providers.standard.operators.bash.BashOperator'`.","category":"UserWarning","filename":"/opt/airflow/dags/bash_dag.py","lineno":2,"logger":"py.warnings"}
{"timestamp":"2026-09-15T06:39:00.455468Z","level":"info","event":"Filling up the DagBag from /opt/airflow/dags/bash_dag.py","logger":"airflow.dag_processing.dagbag.BundleDagBag","filename":"dagbag.py","lineno":460}
{"timestamp":"2026-09-15T06:39:00.666432Z","level":"warning","event":"The `airflow.operators.bash.BashOperator` attribute is deprecated. Please use `'airflow.providers.standard.operators.bash.BashOperator'`.","category":"UserWarning","filename":"/opt/airflow/dags/bash_dag.py","lineno":2,"logger":"py.warnings"}
{"timestamp":"2026-09-15T06:39:31.637390Z","level":"info","event":"Filling up the DagBag from /opt/airflow/dags/bash_dag.py","logger":"airflow.dag_processing.dagbag.BundleDagBag","filename":"dagbag.py","lineno":460}
{"timestamp":"2026-09-15T06:39:31.679812Z","level":"warning","event":"The `airflow.operators.bash.BashOperator` attribute is deprecated. Please use `'airflow.providers.standard.operators.bash.BashOperator'`.","category":"UserWarning","filename":"/opt/airflow/dags/bash_dag.py","lineno":2,"logger":"py.warnings"}
{"timestamp":"2026-09-15T06:40:01.828175Z","level":"info","event":"Filling up the DagBag from /opt/airflow/dags/bash_dag.py","logger":"airflow.dag_processing.dagbag.BundleDagBag","filename":"dagbag.py","lineno":460}
{"timestamp":"2026-09-15T06:40:01.906887Z","level":"warning","event":"The `airflow.operators.bash.BashOperator` attribute is deprecated. Please use `'airflow.providers.standard.operators.bash.BashOperator'`.","category":"UserWarning","filename":"/opt/airflow/dags/bash_dag.py","lineno":2,"logger":"py.warnings"}
{"timestamp":"2026-09-15T06:40:32.017738Z","level":"info","event":"Filling up the DagBag from /opt/airflow/dags/bash_dag.py","logger":"airflow.dag_processing.dagbag.BundleDagBag","filename":"dagbag.py","lineno":460}
{"timestamp":"2026-09-15T06:40:32.059674Z","level":"warning","event":"The `airflow.operators.bash.BashOperator` attribute is deprecated. Please use `'airflow.providers.standard.operators.bash.BashOperator'`.","category":"UserWarning","filename":"/opt/airflow/dags/bash_dag.py","lineno":2,"logger":"py.warnings"}
{"timestamp":"2026-09-15T06:41:02.903160Z","level":"info","event":"Filling up the DagBag from /opt/airflow/dags/bash_dag.py","logger":"airflow.dag_processing.dagbag.BundleDagBag","filename":"dagbag.py","lineno":460}
{"timestamp":"2026-09-15T06:41:02.992369Z","level":"warning","event":"The `airflow.operators.bash.BashOperator` attribute is deprecated. Please use `'airflow.providers.standard.operators.bash.BashOperator'`.","category":"UserWarning","filename":"/opt/airflow/dags/bash_dag.py","lineno":2,"logger":"py.warnings"}
{"timestamp":"2026-09-15T06:41:33.375845Z","level":"info","event":"Filling up the DagBag from /opt/airflow/dags/bash_dag.py","logger":"airflow.dag_processing.dagbag.BundleDagBag","filename":"dagbag.py","lineno":460}
{"timestamp":"2026-09-15T06:41:33.509488Z","level":"warning","event":"The `airflow.operators.bash.BashOperator` attribute is deprecated. Please use `'airflow.providers.standard.operators.bash.BashOperator'`.","category":"UserWarning","filename":"/opt/airflow/dags/bash_dag.py","lineno":2,"logger":"py.warnings"}
{"timestamp":"2026-09-15T06:42:04.357659Z","level":"info","event":"Filling up the DagBag from /opt/airflow/dags/bash_dag.py","logger":"airflow.dag_processing.dagbag.BundleDagBag","filename":"dagbag.py","lineno":460}
{"timestamp":"2026-09-15T06:42:04.398899Z","level":"warning","event":"The `airflow.operators.bash.BashOperator` attribute is deprecated. Please use `'airflow.providers.standard.operators.bash.BashOperator'`.","category":"UserWarning","filename":"/opt/airflow/dags/bash_dag.py","lineno":2,"logger":"py.warnings"}
{"timestamp":"2026-09-15T06:42:34.589710Z","level":"info","event":"Filling up the DagBag from /opt/airflow/dags/bash_dag.py","logger":"airflow.dag_processing.dagbag.BundleDagBag","filename":"dagbag.py","lineno":460}
{"timestamp":"2026-09-15T06:42:34.644843Z","level":"warning","event":"The `airflow.operators.bash.BashOperator` attribute is deprecated. Please use `'airflow.providers.standard.operators.bash.BashOperator'`.","category":"UserWarning","filename":"/opt/airflow/dags/bash_dag.py","lineno":2,"logger":"py.warnings"}
{"timestamp":"2026-09-15T06:43:04.814964Z","level":"info","event":"Filling up the DagBag from /opt/airflow/dags/bash_dag.py","logger":"airflow.dag_processing.dagbag.BundleDagBag","filename":"dagbag.py","lineno":460}
{"timestamp":"2026-09-15T06:43:04.904646Z","level":"warning","event":"The `airflow.operators.bash.BashOperator` attribute is deprecated. Please use `'airflow.providers.standard.operators.bash.BashOperator'`.","category":"UserWarning","filename":"/opt/airflow/dags/bash_dag.py","lineno":2,"logger":"py.warnings"}
{"timestamp":"2026-09-15T06:43:35.094771Z","level":"info","event":"Filling up the DagBag from /opt/airflow/dags/bash_dag.py","logger":"airflow.dag_processing.dagbag.BundleDagBag","filename":"dagbag.py","lineno":460}
{"timestamp":"2026-09-15T06:43:35.178204Z","level":"warning","event":"The `airflow.operators.bash.BashOperator` attribute is deprecated. Please use `'airflow.providers.standard.operators.bash.BashOperator'`.","category":"UserWarning","filename":"/opt/airflow/dags/bash_dag.py","lineno":2,"logger":"py.warnings"}
{"timestamp":"2026-09-15T06:43:59.994458Z","level":"info","event":"Filling up the DagBag from /opt/airflow/dags/bash_dag.py","logger":"airflow.dag_processing.dagbag.BundleDagBag","filename":"dagbag.py","lineno":460}
{"timestamp":"2026-09-15T06:44:00.097240Z","level":"error","event":"Failed to import: /opt/airflow/dags/bash_dag.py","logger":"airflow.dag_processing.importers.python_importer","filename":"python_importer.py","lineno":244,"error_detail":[{"exc_type":"TypeError","exc_value":"DAG.__init__() got an unexpected keyword argument 'id'","exc_notes":[],"syntax_error":null,"is_cause":false,"frames":[{"filename":"/home/airflow/.local/lib/python3.13/site-packages/airflow/dag_processing/importers/python_importer.py","lineno":238,"name":"parse"},{"filename":"<frozen importlib._bootstrap_external>","lineno":1023,"name":"exec_module"},{"filename":"<frozen importlib._bootstrap>","lineno":488,"name":"_call_with_frames_removed"},{"filename":"/opt/airflow/dags/bash_dag.py","lineno":26,"name":"<module>"},{"filename":"/home/airflow/.local/lib/python3.13/site-packages/airflow/sdk/definitions/dag.py","lineno":1680,"name":"factory"}],"is_group":false,"exceptions":[]}]}
{"timestamp":"2026-09-15T06:44:00.122734Z","level":"error","event":"Error loading DAG from bash_dag.py: DAG.__init__() got an unexpected keyword argument 'id'","logger":"airflow.dag_processing.dagbag.BundleDagBag","filename":"dagbag.py","lineno":319}
{"timestamp":"2026-09-15T06:44:00.123515Z","level":"warning","event":"The `airflow.operators.bash.BashOperator` attribute is deprecated. Please use `'airflow.providers.standard.operators.bash.BashOperator'`.","category":"UserWarning","filename":"/opt/airflow/dags/bash_dag.py","lineno":2,"logger":"py.warnings"}
{"timestamp":"2026-09-15T06:44:30.270945Z","level":"info","event":"Filling up the DagBag from /opt/airflow/dags/bash_dag.py","logger":"airflow.dag_processing.dagbag.BundleDagBag","filename":"dagbag.py","lineno":460}
{"timestamp":"2026-09-15T06:44:30.335219Z","level":"error","event":"Failed to import: /opt/airflow/dags/bash_dag.py","logger":"airflow.dag_processing.importers.python_importer","filename":"python_importer.py","lineno":244,"error_detail":[{"exc_type":"TypeError","exc_value":"DAG.__init__() got an unexpected keyword argument 'id'","exc_notes":[],"syntax_error":null,"is_cause":false,"frames":[{"filename":"/home/airflow/.local/lib/python3.13/site-packages/airflow/dag_processing/importers/python_importer.py","lineno":238,"name":"parse"},{"filename":"<frozen importlib._bootstrap_external>","lineno":1023,"name":"exec_module"},{"filename":"<frozen importlib._bootstrap>","lineno":488,"name":"_call_with_frames_removed"},{"filename":"/opt/airflow/dags/bash_dag.py","lineno":26,"name":"<module>"},{"filename":"/home/airflow/.local/lib/python3.13/site-packages/airflow/sdk/definitions/dag.py","lineno":1680,"name":"factory"}],"is_group":false,"exceptions":[]}]}
{"timestamp":"2026-09-15T06:44:30.342908Z","level":"error","event":"Error loading DAG from bash_dag.py: DAG.__init__() got an unexpected keyword argument 'id'","logger":"airflow.dag_processing.dagbag.BundleDagBag","filename":"dagbag.py","lineno":319}
{"timestamp":"2026-09-15T06:44:30.343156Z","level":"warning","event":"The `airflow.operators.bash.BashOperator` attribute is deprecated. Please use `'airflow.providers.standard.operators.bash.BashOperator'`.","category":"UserWarning","filename":"/opt/airflow/dags/bash_dag.py","lineno":2,"logger":"py.warnings"}
{"timestamp":"2026-09-15T06:45:01.324034Z","level":"info","event":"Filling up the DagBag from /opt/airflow/dags/bash_dag.py","logger":"airflow.dag_processing.dagbag.BundleDagBag","filename":"dagbag.py","lineno":460}
{"timestamp":"2026-09-15T06:45:01.384261Z","level":"error","event":"Failed to import: /opt/airflow/dags/bash_dag.py","logger":"airflow.dag_processing.importers.python_importer","filename":"python_importer.py","lineno":244,"error_detail":[{"exc_type":"TypeError","exc_value":"DAG.__init__() got an unexpected keyword argument 'id'","exc_notes":[],"syntax_error":null,"is_cause":false,"frames":[{"filename":"/home/airflow/.local/lib/python3.13/site-packages/airflow/dag_processing/importers/python_importer.py","lineno":238,"name":"parse"},{"filename":"<frozen importlib._bootstrap_external>","lineno":1023,"name":"exec_module"},{"filename":"<frozen importlib._bootstrap>","lineno":488,"name":"_call_with_frames_removed"},{"filename":"/opt/airflow/dags/bash_dag.py","lineno":26,"name":"<module>"},{"filename":"/home/airflow/.local/lib/python3.13/site-packages/airflow/sdk/definitions/dag.py","lineno":1680,"name":"factory"}],"is_group":false,"exceptions":[]}]}
{"timestamp":"2026-09-15T06:45:01.391350Z","level":"error","event":"Error loading DAG from bash_dag.py: DAG.__init__() got an unexpected keyword argument 'id'","logger":"airflow.dag_processing.dagbag.BundleDagBag","filename":"dagbag.py","lineno":319}
{"timestamp":"2026-09-15T06:45:01.391599Z","level":"warning","event":"The `airflow.operators.bash.BashOperator` attribute is deprecated. Please use `'airflow.providers.standard.operators.bash.BashOperator'`.","category":"UserWarning","filename":"/opt/airflow/dags/bash_dag.py","lineno":2,"logger":"py.warnings"}
{"timestamp":"2026-09-15T06:45:32.136420Z","level":"info","event":"Filling up the DagBag from /opt/airflow/dags/bash_dag.py","logger":"airflow.dag_processing.dagbag.BundleDagBag","filename":"dagbag.py","lineno":460}
{"timestamp":"2026-09-15T06:45:32.176995Z","level":"error","event":"Failed to import: /opt/airflow/dags/bash_dag.py","logger":"airflow.dag_processing.importers.python_importer","filename":"python_importer.py","lineno":244,"error_detail":[{"exc_type":"TypeError","exc_value":"DAG.__init__() got an unexpected keyword argument 'id'","exc_notes":[],"syntax_error":null,"is_cause":false,"frames":[{"filename":"/home/airflow/.local/lib/python3.13/site-packages/airflow/dag_processing/importers/python_importer.py","lineno":238,"name":"parse"},{"filename":"<frozen importlib._bootstrap_external>","lineno":1023,"name":"exec_module"},{"filename":"<frozen importlib._bootstrap>","lineno":488,"name":"_call_with_frames_removed"},{"filename":"/opt/airflow/dags/bash_dag.py","lineno":26,"name":"<module>"},{"filename":"/home/airflow/.local/lib/python3.13/site-packages/airflow/sdk/definitions/dag.py","lineno":1680,"name":"factory"}],"is_group":false,"exceptions":[]}]}
{"timestamp":"2026-09-15T06:45:32.184183Z","level":"error","event":"Error loading DAG from bash_dag.py: DAG.__init__() got an unexpected keyword argument 'id'","logger":"airflow.dag_processing.dagbag.BundleDagBag","filename":"dagbag.py","lineno":319}
{"timestamp":"2026-09-15T06:45:32.184506Z","level":"warning","event":"The `airflow.operators.bash.BashOperator` attribute is deprecated. Please use `'airflow.providers.standard.operators.bash.BashOperator'`.","category":"UserWarning","filename":"/opt/airflow/dags/bash_dag.py","lineno":2,"logger":"py.warnings"}
{"timestamp":"2026-09-15T06:45:41.519085Z","level":"info","event":"Filling up the DagBag from /opt/airflow/dags/bash_dag.py","logger":"airflow.dag_processing.dagbag.BundleDagBag","filename":"dagbag.py","lineno":460}
{"timestamp":"2026-09-15T06:45:41.608952Z","level":"error","event":"Failed to import: /opt/airflow/dags/bash_dag.py","logger":"airflow.dag_processing.importers.python_importer","filename":"python_importer.py","lineno":244,"error_detail":[{"exc_type":"TypeError","exc_value":"'BashOperator' object is not callable","exc_notes":[],"syntax_error":null,"is_cause":false,"frames":[{"filename":"/home/airflow/.local/lib/python3.13/site-packages/airflow/dag_processing/importers/python_importer.py","lineno":238,"name":"parse"},{"filename":"<frozen importlib._bootstrap_external>","lineno":1023,"name":"exec_module"},{"filename":"<frozen importlib._bootstrap>","lineno":488,"name":"_call_with_frames_removed"},{"filename":"/opt/airflow/dags/bash_dag.py","lineno":26,"name":"<module>"},{"filename":"/home/airflow/.local/lib/python3.13/site-packages/airflow/sdk/definitions/dag.py","lineno":1696,"name":"factory"},{"filename":"/opt/airflow/dags/bash_dag.py","lineno":23,"name":"bash_dag"}],"is_group":false,"exceptions":[]}]}
{"timestamp":"2026-09-15T06:45:41.621080Z","level":"error","event":"Error loading DAG from bash_dag.py: 'BashOperator' object is not callable","logger":"airflow.dag_processing.dagbag.BundleDagBag","filename":"dagbag.py","lineno":319}
{"timestamp":"2026-09-15T06:45:41.621307Z","level":"warning","event":"The `airflow.operators.bash.BashOperator` attribute is deprecated. Please use `'airflow.providers.standard.operators.bash.BashOperator'`.","category":"UserWarning","filename":"/opt/airflow/dags/bash_dag.py","lineno":2,"logger":"py.warnings"}
{"timestamp":"2026-09-15T06:46:12.517089Z","level":"info","event":"Filling up the DagBag from /opt/airflow/dags/bash_dag.py","logger":"airflow.dag_processing.dagbag.BundleDagBag","filename":"dagbag.py","lineno":460}
{"timestamp":"2026-09-15T06:46:12.738386Z","level":"error","event":"Failed to import: /opt/airflow/dags/bash_dag.py","logger":"airflow.dag_processing.importers.python_importer","filename":"python_importer.py","lineno":244,"error_detail":[{"exc_type":"TypeError","exc_value":"'BashOperator' object is not callable","exc_notes":[],"syntax_error":null,"is_cause":false,"frames":[{"filename":"/home/airflow/.local/lib/python3.13/site-packages/airflow/dag_processing/importers/python_importer.py","lineno":238,"name":"parse"},{"filename":"<frozen importlib._bootstrap_external>","lineno":1023,"name":"exec_module"},{"filename":"<frozen importlib._bootstrap>","lineno":488,"name":"_call_with_frames_removed"},{"filename":"/opt/airflow/dags/bash_dag.py","lineno":26,"name":"<module>"},{"filename":"/home/airflow/.local/lib/python3.13/site-packages/airflow/sdk/definitions/dag.py","lineno":1696,"name":"factory"},{"filename":"/opt/airflow/dags/bash_dag.py","lineno":23,"name":"bash_dag"}],"is_group":false,"exceptions":[]}]}
{"timestamp":"2026-09-15T06:46:12.747086Z","level":"error","event":"Error loading DAG from bash_dag.py: 'BashOperator' object is not callable","logger":"airflow.dag_processing.dagbag.BundleDagBag","filename":"dagbag.py","lineno":319}
{"timestamp":"2026-09-15T06:46:12.747298Z","level":"warning","event":"The `airflow.operators.bash.BashOperator` attribute is deprecated. Please use `'airflow.providers.standard.operators.bash.BashOperator'`.","category":"UserWarning","filename":"/opt/airflow/dags/bash_dag.py","lineno":2,"logger":"py.warnings"}
{"timestamp":"2026-09-15T06:46:43.817489Z","level":"info","event":"Filling up the DagBag from /opt/airflow/dags/bash_dag.py","logger":"airflow.dag_processing.dagbag.BundleDagBag","filename":"dagbag.py","lineno":460}
{"timestamp":"2026-09-15T06:46:43.945491Z","level":"error","event":"Failed to import: /opt/airflow/dags/bash_dag.py","logger":"airflow.dag_processing.importers.python_importer","filename":"python_importer.py","lineno":244,"error_detail":[{"exc_type":"TypeError","exc_value":"'BashOperator' object is not callable","exc_notes":[],"syntax_error":null,"is_cause":false,"frames":[{"filename":"/home/airflow/.local/lib/python3.13/site-packages/airflow/dag_processing/importers/python_importer.py","lineno":238,"name":"parse"},{"filename":"<frozen importlib._bootstrap_external>","lineno":1023,"name":"exec_module"},{"filename":"<frozen importlib._bootstrap>","lineno":488,"name":"_call_with_frames_removed"},{"filename":"/opt/airflow/dags/bash_dag.py","lineno":26,"name":"<module>"},{"filename":"/home/airflow/.local/lib/python3.13/site-packages/airflow/sdk/definitions/dag.py","lineno":1696,"name":"factory"},{"filename":"/opt/airflow/dags/bash_dag.py","lineno":23,"name":"bash_dag"}],"is_group":false,"exceptions":[]}]}
{"timestamp":"2026-09-15T06:46:43.965976Z","level":"error","event":"Error loading DAG from bash_dag.py: 'BashOperator' object is not callable","logger":"airflow.dag_processing.dagbag.BundleDagBag","filename":"dagbag.py","lineno":319}
{"timestamp":"2026-09-15T06:46:43.966836Z","level":"warning","event":"The `airflow.operators.bash.BashOperator` attribute is deprecated. Please use `'airflow.providers.standard.operators.bash.BashOperator'`.","category":"UserWarning","filename":"/opt/airflow/dags/bash_dag.py","lineno":2,"logger":"py.warnings"}
{"timestamp":"2026-09-15T06:46:59.587837Z","level":"info","event":"Filling up the DagBag from /opt/airflow/dags/bash_dag.py","logger":"airflow.dag_processing.dagbag.BundleDagBag","filename":"dagbag.py","lineno":460}
{"timestamp":"2026-09-15T06:46:59.651451Z","level":"warning","event":"The `airflow.operators.bash.BashOperator` attribute is deprecated. Please use `'airflow.providers.standard.operators.bash.BashOperator'`.","category":"UserWarning","filename":"/opt/airflow/dags/bash_dag.py","lineno":2,"logger":"py.warnings"}
{"timestamp":"2026-09-15T06:47:30.512327Z","level":"info","event":"Filling up the DagBag from /opt/airflow/dags/bash_dag.py","logger":"airflow.dag_processing.dagbag.BundleDagBag","filename":"dagbag.py","lineno":460}
{"timestamp":"2026-09-15T06:47:30.566983Z","level":"warning","event":"The `airflow.operators.bash.BashOperator` attribute is deprecated. Please use `'airflow.providers.standard.operators.bash.BashOperator'`.","category":"UserWarning","filename":"/opt/airflow/dags/bash_dag.py","lineno":2,"logger":"py.warnings"}
{"timestamp":"2026-09-15T06:48:00.909713Z","level":"info","event":"Filling up the DagBag from /opt/airflow/dags/bash_dag.py","logger":"airflow.dag_processing.dagbag.BundleDagBag","filename":"dagbag.py","lineno":460}
{"timestamp":"2026-09-15T06:48:01.186767Z","level":"warning","event":"The `airflow.operators.bash.BashOperator` attribute is deprecated. Please use `'airflow.providers.standard.operators.bash.BashOperator'`.","category":"UserWarning","filename":"/opt/airflow/dags/bash_dag.py","lineno":2,"logger":"py.warnings"}
{"timestamp":"2026-09-15T06:48:31.545772Z","level":"info","event":"Filling up the DagBag from /opt/airflow/dags/bash_dag.py","logger":"airflow.dag_processing.dagbag.BundleDagBag","filename":"dagbag.py","lineno":460}
{"timestamp":"2026-09-15T06:48:31.602033Z","level":"warning","event":"The `airflow.operators.bash.BashOperator` attribute is deprecated. Please use `'airflow.providers.standard.operators.bash.BashOperator'`.","category":"UserWarning","filename":"/opt/airflow/dags/bash_dag.py","lineno":2,"logger":"py.warnings"}
{"timestamp":"2026-09-15T06:49:02.545951Z","level":"info","event":"Filling up the DagBag from /opt/airflow/dags/bash_dag.py","logger":"airflow.dag_processing.dagbag.BundleDagBag","filename":"dagbag.py","lineno":460}
{"timestamp":"2026-09-15T06:49:02.610053Z","level":"warning","event":"The `airflow.operators.bash.BashOperator` attribute is deprecated. Please use `'airflow.providers.standard.operators.bash.BashOperator'`.","category":"UserWarning","filename":"/opt/airflow/dags/bash_dag.py","lineno":2,"logger":"py.warnings"}
{"timestamp":"2026-09-15T06:49:33.680310Z","level":"info","event":"Filling up the DagBag from /opt/airflow/dags/bash_dag.py","logger":"airflow.dag_processing.dagbag.BundleDagBag","filename":"dagbag.py","lineno":460}
{"timestamp":"2026-09-15T06:49:33.872849Z","level":"warning","event":"The `airflow.operators.bash.BashOperator` attribute is deprecated. Please use `'airflow.providers.standard.operators.bash.BashOperator'`.","category":"UserWarning","filename":"/opt/airflow/dags/bash_dag.py","lineno":2,"logger":"py.warnings"}
{"timestamp":"2026-09-15T06:50:04.976618Z","level":"info","event":"Filling up the DagBag from /opt/airflow/dags/bash_dag.py","logger":"airflow.dag_processing.dagbag.BundleDagBag","filename":"dagbag.py","lineno":460}
{"timestamp":"2026-09-15T06:50:05.031419Z","level":"warning","event":"The `airflow.operators.bash.BashOperator` attribute is deprecated. Please use `'airflow.providers.standard.operators.bash.BashOperator'`.","category":"UserWarning","filename":"/opt/airflow/dags/bash_dag.py","lineno":2,"logger":"py.warnings"}
{"timestamp":"2026-09-15T06:50:35.461725Z","level":"info","event":"Filling up the DagBag from /opt/airflow/dags/bash_dag.py","logger":"airflow.dag_processing.dagbag.BundleDagBag","filename":"dagbag.py","lineno":460}
{"timestamp":"2026-09-15T06:50:35.574933Z","level":"warning","event":"The `airflow.operators.bash.BashOperator` attribute is deprecated. Please use `'airflow.providers.standard.operators.bash.BashOperator'`.","category":"UserWarning","filename":"/opt/airflow/dags/bash_dag.py","lineno":2,"logger":"py.warnings"}
{"timestamp":"2026-09-15T06:51:06.038205Z","level":"info","event":"Filling up the DagBag from /opt/airflow/dags/bash_dag.py","logger":"airflow.dag_processing.dagbag.BundleDagBag","filename":"dagbag.py","lineno":460}
{"timestamp":"2026-09-15T06:51:06.221860Z","level":"warning","event":"The `airflow.operators.bash.BashOperator` attribute is deprecated. Please use `'airflow.providers.standard.operators.bash.BashOperator'`.","category":"UserWarning","filename":"/opt/airflow/dags/bash_dag.py","lineno":2,"logger":"py.warnings"}
{"timestamp":"2026-09-15T06:51:37.292868Z","level":"info","event":"Filling up the DagBag from /opt/airflow/dags/bash_dag.py","logger":"airflow.dag_processing.dagbag.BundleDagBag","filename":"dagbag.py","lineno":460}
{"timestamp":"2026-09-15T06:51:37.341767Z","level":"warning","event":"The `airflow.operators.bash.BashOperator` attribute is deprecated. Please use `'airflow.providers.standard.operators.bash.BashOperator'`.","category":"UserWarning","filename":"/opt/airflow/dags/bash_dag.py","lineno":2,"logger":"py.warnings"}
{"timestamp":"2026-09-15T06:52:07.657559Z","level":"info","event":"Filling up the DagBag from /opt/airflow/dags/bash_dag.py","logger":"airflow.dag_processing.dagbag.BundleDagBag","filename":"dagbag.py","lineno":460}
{"timestamp":"2026-09-15T06:52:07.730423Z","level":"warning","event":"The `airflow.operators.bash.BashOperator` attribute is deprecated. Please use `'airflow.providers.standard.operators.bash.BashOperator'`.","category":"UserWarning","filename":"/opt/airflow/dags/bash_dag.py","lineno":2,"logger":"py.warnings"}
{"timestamp":"2026-09-15T06:52:38.648074Z","level":"info","event":"Filling up the DagBag from /opt/airflow/dags/bash_dag.py","logger":"airflow.dag_processing.dagbag.BundleDagBag","filename":"dagbag.py","lineno":460}
{"timestamp":"2026-09-15T06:52:38.727652Z","level":"warning","event":"The `airflow.operators.bash.BashOperator` attribute is deprecated. Please use `'airflow.providers.standard.operators.bash.BashOperator'`.","category":"UserWarning","filename":"/opt/airflow/dags/bash_dag.py","lineno":2,"logger":"py.warnings"}
{"timestamp":"2026-09-15T06:53:09.674062Z","level":"info","event":"Filling up the DagBag from /opt/airflow/dags/bash_dag.py","logger":"airflow.dag_processing.dagbag.BundleDagBag","filename":"dagbag.py","lineno":460}
{"timestamp":"2026-09-15T06:53:09.778469Z","level":"warning","event":"The `airflow.operators.bash.BashOperator` attribute is deprecated. Please use `'airflow.providers.standard.operators.bash.BashOperator'`.","category":"UserWarning","filename":"/opt/airflow/dags/bash_dag.py","lineno":2,"logger":"py.warnings"}
{"timestamp":"2026-09-15T06:53:39.916807Z","level":"info","event":"Filling up the DagBag from /opt/airflow/dags/bash_dag.py","logger":"airflow.dag_processing.dagbag.BundleDagBag","filename":"dagbag.py","lineno":460}
{"timestamp":"2026-09-15T06:53:39.971826Z","level":"warning","event":"The `airflow.operators.bash.BashOperator` attribute is deprecated. Please use `'airflow.providers.standard.operators.bash.BashOperator'`.","category":"UserWarning","filename":"/opt/airflow/dags/bash_dag.py","lineno":2,"logger":"py.warnings"}
{"timestamp":"2026-09-15T06:54:10.937348Z","level":"info","event":"Filling up the DagBag from /opt/airflow/dags/bash_dag.py","logger":"airflow.dag_processing.dagbag.BundleDagBag","filename":"dagbag.py","lineno":460}
{"timestamp":"2026-09-15T06:54:11.012498Z","level":"warning","event":"The `airflow.operators.bash.BashOperator` attribute is deprecated. Please use `'airflow.providers.standard.operators.bash.BashOperator'`.","category":"UserWarning","filename":"/opt/airflow/dags/bash_dag.py","lineno":2,"logger":"py.warnings"}
{"timestamp":"2026-09-15T06:54:41.959776Z","level":"info","event":"Filling up the DagBag from /opt/airflow/dags/bash_dag.py","logger":"airflow.dag_processing.dagbag.BundleDagBag","filename":"dagbag.py","lineno":460}
{"timestamp":"2026-09-15T06:54:42.048544Z","level":"warning","event":"The `airflow.operators.bash.BashOperator` attribute is deprecated. Please use `'airflow.providers.standard.operators.bash.BashOperator'`.","category":"UserWarning","filename":"/opt/airflow/dags/bash_dag.py","lineno":2,"logger":"py.warnings"}
{"timestamp":"2026-09-15T06:55:12.910069Z","level":"info","event":"Filling up the DagBag from /opt/airflow/dags/bash_dag.py","logger":"airflow.dag_processing.dagbag.BundleDagBag","filename":"dagbag.py","lineno":460}
{"timestamp":"2026-09-15T06:55:12.954054Z","level":"warning","event":"The `airflow.operators.bash.BashOperator` attribute is deprecated. Please use `'airflow.providers.standard.operators.bash.BashOperator'`.","category":"UserWarning","filename":"/opt/airflow/dags/bash_dag.py","lineno":2,"logger":"py.warnings"}
{"timestamp":"2026-09-15T06:55:43.834681Z","level":"info","event":"Filling up the DagBag from /opt/airflow/dags/bash_dag.py","logger":"airflow.dag_processing.dagbag.BundleDagBag","filename":"dagbag.py","lineno":460}
{"timestamp":"2026-09-15T06:55:43.920200Z","level":"warning","event":"The `airflow.operators.bash.BashOperator` attribute is deprecated. Please use `'airflow.providers.standard.operators.bash.BashOperator'`.","category":"UserWarning","filename":"/opt/airflow/dags/bash_dag.py","lineno":2,"logger":"py.warnings"}
{"timestamp":"2026-09-15T06:56:14.863397Z","level":"info","event":"Filling up the DagBag from /opt/airflow/dags/bash_dag.py","logger":"airflow.dag_processing.dagbag.BundleDagBag","filename":"dagbag.py","lineno":460}
{"timestamp":"2026-09-15T06:56:14.922029Z","level":"warning","event":"The `airflow.operators.bash.BashOperator` attribute is deprecated. Please use `'airflow.providers.standard.operators.bash.BashOperator'`.","category":"UserWarning","filename":"/opt/airflow/dags/bash_dag.py","lineno":2,"logger":"py.warnings"}
{"timestamp":"2026-09-15T06:56:45.876585Z","level":"info","event":"Filling up the DagBag from /opt/airflow/dags/bash_dag.py","logger":"airflow.dag_processing.dagbag.BundleDagBag","filename":"dagbag.py","lineno":460}
{"timestamp":"2026-09-15T06:56:45.957673Z","level":"warning","event":"The `airflow.operators.bash.BashOperator` attribute is deprecated. Please use `'airflow.providers.standard.operators.bash.BashOperator'`.","category":"UserWarning","filename":"/opt/airflow/dags/bash_dag.py","lineno":2,"logger":"py.warnings"}
{"timestamp":"2026-09-15T06:57:16.798220Z","level":"info","event":"Filling up the DagBag from /opt/airflow/dags/bash_dag.py","logger":"airflow.dag_processing.dagbag.BundleDagBag","filename":"dagbag.py","lineno":460}
{"timestamp":"2026-09-15T06:57:16.867165Z","level":"warning","event":"The `airflow.operators.bash.BashOperator` attribute is deprecated. Please use `'airflow.providers.standard.operators.bash.BashOperator'`.","category":"UserWarning","filename":"/opt/airflow/dags/bash_dag.py","lineno":2,"logger":"py.warnings"}
{"timestamp":"2026-09-15T06:57:47.948188Z","level":"info","event":"Filling up the DagBag from /opt/airflow/dags/bash_dag.py","logger":"airflow.dag_processing.dagbag.BundleDagBag","filename":"dagbag.py","lineno":460}
{"timestamp":"2026-09-15T06:57:48.164504Z","level":"warning","event":"The `airflow.operators.bash.BashOperator` attribute is deprecated. Please use `'airflow.providers.standard.operators.bash.BashOperator'`.","category":"UserWarning","filename":"/opt/airflow/dags/bash_dag.py","lineno":2,"logger":"py.warnings"}
{"timestamp":"2026-09-15T06:58:19.199263Z","level":"info","event":"Filling up the DagBag from /opt/airflow/dags/bash_dag.py","logger":"airflow.dag_processing.dagbag.BundleDagBag","filename":"dagbag.py","lineno":460}
{"timestamp":"2026-09-15T06:58:19.268064Z","level":"warning","event":"The `airflow.operators.bash.BashOperator` attribute is deprecated. Please use `'airflow.providers.standard.operators.bash.BashOperator'`.","category":"UserWarning","filename":"/opt/airflow/dags/bash_dag.py","lineno":2,"logger":"py.warnings"}
{"timestamp":"2026-09-15T06:58:50.208419Z","level":"info","event":"Filling up the DagBag from /opt/airflow/dags/bash_dag.py","logger":"airflow.dag_processing.dagbag.BundleDagBag","filename":"dagbag.py","lineno":460}
{"timestamp":"2026-09-15T06:58:50.258710Z","level":"warning","event":"The `airflow.operators.bash.BashOperator` attribute is deprecated. Please use `'airflow.providers.standard.operators.bash.BashOperator'`.","category":"UserWarning","filename":"/opt/airflow/dags/bash_dag.py","lineno":2,"logger":"py.warnings"}
{"timestamp":"2026-09-15T06:59:21.055814Z","level":"info","event":"Filling up the DagBag from /opt/airflow/dags/bash_dag.py","logger":"airflow.dag_processing.dagbag.BundleDagBag","filename":"dagbag.py","lineno":460}
{"timestamp":"2026-09-15T06:59:21.099310Z","level":"warning","event":"The `airflow.operators.bash.BashOperator` attribute is deprecated. Please use `'airflow.providers.standard.operators.bash.BashOperator'`.","category":"UserWarning","filename":"/opt/airflow/dags/bash_dag.py","lineno":2,"logger":"py.warnings"}
{"timestamp":"2026-09-15T06:59:51.969952Z","level":"info","event":"Filling up the DagBag from /opt/airflow/dags/bash_dag.py","logger":"airflow.dag_processing.dagbag.BundleDagBag","filename":"dagbag.py","lineno":460}
{"timestamp":"2026-09-15T06:59:52.009949Z","level":"warning","event":"The `airflow.operators.bash.BashOperator` attribute is deprecated. Please use `'airflow.providers.standard.operators.bash.BashOperator'`.","category":"UserWarning","filename":"/opt/airflow/dags/bash_dag.py","lineno":2,"logger":"py.warnings"}
{"timestamp":"2026-09-15T07:00:22.793042Z","level":"info","event":"Filling up the DagBag from /opt/airflow/dags/bash_dag.py","logger":"airflow.dag_processing.dagbag.BundleDagBag","filename":"dagbag.py","lineno":460}
{"timestamp":"2026-09-15T07:00:22.851346Z","level":"warning","event":"The `airflow.operators.bash.BashOperator` attribute is deprecated. Please use `'airflow.providers.standard.operators.bash.BashOperator'`.","category":"UserWarning","filename":"/opt/airflow/dags/bash_dag.py","lineno":2,"logger":"py.warnings"}
{"timestamp":"2026-09-15T07:00:53.584063Z","level":"info","event":"Filling up the DagBag from /opt/airflow/dags/bash_dag.py","logger":"airflow.dag_processing.dagbag.BundleDagBag","filename":"dagbag.py","lineno":460}
{"timestamp":"2026-09-15T07:00:53.638057Z","level":"warning","event":"The `airflow.operators.bash.BashOperator` attribute is deprecated. Please use `'airflow.providers.standard.operators.bash.BashOperator'`.","category":"UserWarning","filename":"/opt/airflow/dags/bash_dag.py","lineno":2,"logger":"py.warnings"}
{"timestamp":"2026-09-15T07:01:24.390267Z","level":"info","event":"Filling up the DagBag from /opt/airflow/dags/bash_dag.py","logger":"airflow.dag_processing.dagbag.BundleDagBag","filename":"dagbag.py","lineno":460}
{"timestamp":"2026-09-15T07:01:24.435710Z","level":"warning","event":"The `airflow.operators.bash.BashOperator` attribute is deprecated. Please use `'airflow.providers.standard.operators.bash.BashOperator'`.","category":"UserWarning","filename":"/opt/airflow/dags/bash_dag.py","lineno":2,"logger":"py.warnings"}
{"timestamp":"2026-09-15T07:01:55.206924Z","level":"info","event":"Filling up the DagBag from /opt/airflow/dags/bash_dag.py","logger":"airflow.dag_processing.dagbag.BundleDagBag","filename":"dagbag.py","lineno":460}
{"timestamp":"2026-09-15T07:01:55.260675Z","level":"warning","event":"The `airflow.operators.bash.BashOperator` attribute is deprecated. Please use `'airflow.providers.standard.operators.bash.BashOperator'`.","category":"UserWarning","filename":"/opt/airflow/dags/bash_dag.py","lineno":2,"logger":"py.warnings"}
{"timestamp":"2026-09-15T07:02:26.112742Z","level":"info","event":"Filling up the DagBag from /opt/airflow/dags/bash_dag.py","logger":"airflow.dag_processing.dagbag.BundleDagBag","filename":"dagbag.py","lineno":460}
{"timestamp":"2026-09-15T07:02:26.270578Z","level":"warning","event":"The `airflow.operators.bash.BashOperator` attribute is deprecated. Please use `'airflow.providers.standard.operators.bash.BashOperator'`.","category":"UserWarning","filename":"/opt/airflow/dags/bash_dag.py","lineno":2,"logger":"py.warnings"}
{"timestamp":"2026-09-15T07:02:56.518033Z","level":"info","event":"Filling up the DagBag from /opt/airflow/dags/bash_dag.py","logger":"airflow.dag_processing.dagbag.BundleDagBag","filename":"dagbag.py","lineno":460}
{"timestamp":"2026-09-15T07:02:56.583059Z","level":"warning","event":"The `airflow.operators.bash.BashOperator` attribute is deprecated. Please use `'airflow.providers.standard.operators.bash.BashOperator'`.","category":"UserWarning","filename":"/opt/airflow/dags/bash_dag.py","lineno":2,"logger":"py.warnings"}
{"timestamp":"2026-09-15T07:03:27.646835Z","level":"info","event":"Filling up the DagBag from /opt/airflow/dags/bash_dag.py","logger":"airflow.dag_processing.dagbag.BundleDagBag","filename":"dagbag.py","lineno":460}
{"timestamp":"2026-09-15T07:03:27.764610Z","level":"warning","event":"The `airflow.operators.bash.BashOperator` attribute is deprecated. Please use `'airflow.providers.standard.operators.bash.BashOperator'`.","category":"UserWarning","filename":"/opt/airflow/dags/bash_dag.py","lineno":2,"logger":"py.warnings"}
{"timestamp":"2026-09-15T07:03:58.078449Z","level":"info","event":"Filling up the DagBag from /opt/airflow/dags/bash_dag.py","logger":"airflow.dag_processing.dagbag.BundleDagBag","filename":"dagbag.py","lineno":460}
{"timestamp":"2026-09-15T07:03:58.230231Z","level":"warning","event":"The `airflow.operators.bash.BashOperator` attribute is deprecated. Please use `'airflow.providers.standard.operators.bash.BashOperator'`.","category":"UserWarning","filename":"/opt/airflow/dags/bash_dag.py","lineno":2,"logger":"py.warnings"}
{"timestamp":"2026-09-15T07:04:29.132984Z","level":"info","event":"Filling up the DagBag from /opt/airflow/dags/bash_dag.py","logger":"airflow.dag_processing.dagbag.BundleDagBag","filename":"dagbag.py","lineno":460}
{"timestamp":"2026-09-15T07:04:29.222148Z","level":"warning","event":"The `airflow.operators.bash.BashOperator` attribute is deprecated. Please use `'airflow.providers.standard.operators.bash.BashOperator'`.","category":"UserWarning","filename":"/opt/airflow/dags/bash_dag.py","lineno":2,"logger":"py.warnings"}
{"timestamp":"2026-09-15T07:21:00.771106Z","level":"info","event":"Filling up the DagBag from /opt/airflow/dags/bash_dag.py","logger":"airflow.dag_processing.dagbag.BundleDagBag","filename":"dagbag.py","lineno":460}
{"timestamp":"2026-09-15T07:21:00.929547Z","level":"warning","event":"The `airflow.operators.bash.BashOperator` attribute is deprecated. Please use `'airflow.providers.standard.operators.bash.BashOperator'`.","category":"UserWarning","filename":"/opt/airflow/dags/bash_dag.py","lineno":2,"logger":"py.warnings"}
{"timestamp":"2026-09-15T07:22:00.159136Z","level":"info","event":"Filling up the DagBag from /opt/airflow/dags/bash_dag.py","logger":"airflow.dag_processing.dagbag.BundleDagBag","filename":"dagbag.py","lineno":460}
{"timestamp":"2026-09-15T07:22:00.759185Z","level":"warning","event":"The `airflow.operators.bash.BashOperator` attribute is deprecated. Please use `'airflow.providers.standard.operators.bash.BashOperator'`.","category":"UserWarning","filename":"/opt/airflow/dags/bash_dag.py","lineno":2,"logger":"py.warnings"}
{"timestamp":"2026-09-15T08:50:24.896803Z","level":"info","event":"Filling up the DagBag from /opt/airflow/dags/bash_dag.py","logger":"airflow.dag_processing.dagbag.BundleDagBag","filename":"dagbag.py","lineno":460}
{"timestamp":"2026-09-15T08:50:25.334998Z","level":"warning","event":"The `airflow.operators.bash.BashOperator` attribute is deprecated. Please use `'airflow.providers.standard.operators.bash.BashOperator'`.","category":"UserWarning","filename":"/opt/airflow/dags/bash_dag.py","lineno":2,"logger":"py.warnings"}
{"timestamp":"2026-09-15T08:50:56.753948Z","level":"info","event":"Filling up the DagBag from /opt/airflow/dags/bash_dag.py","logger":"airflow.dag_processing.dagbag.BundleDagBag","filename":"dagbag.py","lineno":460}
{"timestamp":"2026-09-15T08:50:57.679978Z","level":"warning","event":"The `airflow.operators.bash.BashOperator` attribute is deprecated. Please use `'airflow.providers.standard.operators.bash.BashOperator'`.","category":"UserWarning","filename":"/opt/airflow/dags/bash_dag.py","lineno":2,"logger":"py.warnings"}
{"timestamp":"2026-09-15T08:51:28.699176Z","level":"info","event":"Filling up the DagBag from /opt/airflow/dags/bash_dag.py","logger":"airflow.dag_processing.dagbag.BundleDagBag","filename":"dagbag.py","lineno":460}
{"timestamp":"2026-09-15T08:51:28.935454Z","level":"warning","event":"The `airflow.operators.bash.BashOperator` attribute is deprecated. Please use `'airflow.providers.standard.operators.bash.BashOperator'`.","category":"UserWarning","filename":"/opt/airflow/dags/bash_dag.py","lineno":2,"logger":"py.warnings"}
{"timestamp":"2026-09-15T08:51:59.840331Z","level":"info","event":"Filling up the DagBag from /opt/airflow/dags/bash_dag.py","logger":"airflow.dag_processing.dagbag.BundleDagBag","filename":"dagbag.py","lineno":460}
{"timestamp":"2026-09-15T08:52:00.028954Z","level":"warning","event":"The `airflow.operators.bash.BashOperator` attribute is deprecated. Please use `'airflow.providers.standard.operators.bash.BashOperator'`.","category":"UserWarning","filename":"/opt/airflow/dags/bash_dag.py","lineno":2,"logger":"py.warnings"}
{"timestamp":"2026-09-15T08:52:30.344569Z","level":"info","event":"Filling up the DagBag from /opt/airflow/dags/bash_dag.py","logger":"airflow.dag_processing.dagbag.BundleDagBag","filename":"dagbag.py","lineno":460}
{"timestamp":"2026-09-15T08:52:30.535629Z","level":"warning","event":"The `airflow.operators.bash.BashOperator` attribute is deprecated. Please use `'airflow.providers.standard.operators.bash.BashOperator'`.","category":"UserWarning","filename":"/opt/airflow/dags/bash_dag.py","lineno":2,"logger":"py.warnings"}
{"timestamp":"2026-09-15T08:53:01.039808Z","level":"info","event":"Filling up the DagBag from /opt/airflow/dags/bash_dag.py","logger":"airflow.dag_processing.dagbag.BundleDagBag","filename":"dagbag.py","lineno":460}
{"timestamp":"2026-09-15T08:53:01.146770Z","level":"warning","event":"The `airflow.operators.bash.BashOperator` attribute is deprecated. Please use `'airflow.providers.standard.operators.bash.BashOperator'`.","category":"UserWarning","filename":"/opt/airflow/dags/bash_dag.py","lineno":2,"logger":"py.warnings"}
{"timestamp":"2026-09-15T08:53:31.532491Z","level":"info","event":"Filling up the DagBag from /opt/airflow/dags/bash_dag.py","logger":"airflow.dag_processing.dagbag.BundleDagBag","filename":"dagbag.py","lineno":460}
{"timestamp":"2026-09-15T08:53:31.735409Z","level":"warning","event":"The `airflow.operators.bash.BashOperator` attribute is deprecated. Please use `'airflow.providers.standard.operators.bash.BashOperator'`.","category":"UserWarning","filename":"/opt/airflow/dags/bash_dag.py","lineno":2,"logger":"py.warnings"}
{"timestamp":"2026-09-15T08:54:02.749807Z","level":"info","event":"Filling up the DagBag from /opt/airflow/dags/bash_dag.py","logger":"airflow.dag_processing.dagbag.BundleDagBag","filename":"dagbag.py","lineno":460}
{"timestamp":"2026-09-15T08:54:02.843085Z","level":"warning","event":"The `airflow.operators.bash.BashOperator` attribute is deprecated. Please use `'airflow.providers.standard.operators.bash.BashOperator'`.","category":"UserWarning","filename":"/opt/airflow/dags/bash_dag.py","lineno":2,"logger":"py.warnings"}
{"timestamp":"2026-09-15T08:54:33.725114Z","level":"info","event":"Filling up the DagBag from /opt/airflow/dags/bash_dag.py","logger":"airflow.dag_processing.dagbag.BundleDagBag","filename":"dagbag.py","lineno":460}
{"timestamp":"2026-09-15T08:54:33.796457Z","level":"warning","event":"The `airflow.operators.bash.BashOperator` attribute is deprecated. Please use `'airflow.providers.standard.operators.bash.BashOperator'`.","category":"UserWarning","filename":"/opt/airflow/dags/bash_dag.py","lineno":2,"logger":"py.warnings"}
{"timestamp":"2026-09-15T08:55:04.611300Z","level":"info","event":"Filling up the DagBag from /opt/airflow/dags/bash_dag.py","logger":"airflow.dag_processing.dagbag.BundleDagBag","filename":"dagbag.py","lineno":460}
{"timestamp":"2026-09-15T08:55:04.665345Z","level":"warning","event":"The `airflow.operators.bash.BashOperator` attribute is deprecated. Please use `'airflow.providers.standard.operators.bash.BashOperator'`.","category":"UserWarning","filename":"/opt/airflow/dags/bash_dag.py","lineno":2,"logger":"py.warnings"}
{"timestamp":"2026-09-15T08:55:35.434896Z","level":"info","event":"Filling up the DagBag from /opt/airflow/dags/bash_dag.py","logger":"airflow.dag_processing.dagbag.BundleDagBag","filename":"dagbag.py","lineno":460}
{"timestamp":"2026-09-15T08:55:35.528837Z","level":"warning","event":"The `airflow.operators.bash.BashOperator` attribute is deprecated. Please use `'airflow.providers.standard.operators.bash.BashOperator'`.","category":"UserWarning","filename":"/opt/airflow/dags/bash_dag.py","lineno":2,"logger":"py.warnings"}
{"timestamp":"2026-09-15T08:56:06.213072Z","level":"info","event":"Filling up the DagBag from /opt/airflow/dags/bash_dag.py","logger":"airflow.dag_processing.dagbag.BundleDagBag","filename":"dagbag.py","lineno":460}
{"timestamp":"2026-09-15T08:56:06.276385Z","level":"warning","event":"The `airflow.operators.bash.BashOperator` attribute is deprecated. Please use `'airflow.providers.standard.operators.bash.BashOperator'`.","category":"UserWarning","filename":"/opt/airflow/dags/bash_dag.py","lineno":2,"logger":"py.warnings"}
{"timestamp":"2026-09-15T08:56:37.095122Z","level":"info","event":"Filling up the DagBag from /opt/airflow/dags/bash_dag.py","logger":"airflow.dag_processing.dagbag.BundleDagBag","filename":"dagbag.py","lineno":460}
{"timestamp":"2026-09-15T08:56:37.167485Z","level":"warning","event":"The `airflow.operators.bash.BashOperator` attribute is deprecated. Please use `'airflow.providers.standard.operators.bash.BashOperator'`.","category":"UserWarning","filename":"/opt/airflow/dags/bash_dag.py","lineno":2,"logger":"py.warnings"}
{"timestamp":"2026-09-15T08:57:08.039766Z","level":"info","event":"Filling up the DagBag from /opt/airflow/dags/bash_dag.py","logger":"airflow.dag_processing.dagbag.BundleDagBag","filename":"dagbag.py","lineno":460}
{"timestamp":"2026-09-15T08:57:08.131747Z","level":"warning","event":"The `airflow.operators.bash.BashOperator` attribute is deprecated. Please use `'airflow.providers.standard.operators.bash.BashOperator'`.","category":"UserWarning","filename":"/opt/airflow/dags/bash_dag.py","lineno":2,"logger":"py.warnings"}
{"timestamp":"2026-09-15T08:57:39.009330Z","level":"info","event":"Filling up the DagBag from /opt/airflow/dags/bash_dag.py","logger":"airflow.dag_processing.dagbag.BundleDagBag","filename":"dagbag.py","lineno":460}
{"timestamp":"2026-09-15T08:57:39.122733Z","level":"warning","event":"The `airflow.operators.bash.BashOperator` attribute is deprecated. Please use `'airflow.providers.standard.operators.bash.BashOperator'`.","category":"UserWarning","filename":"/opt/airflow/dags/bash_dag.py","lineno":2,"logger":"py.warnings"}
{"timestamp":"2026-09-15T08:58:09.911570Z","level":"info","event":"Filling up the DagBag from /opt/airflow/dags/bash_dag.py","logger":"airflow.dag_processing.dagbag.BundleDagBag","filename":"dagbag.py","lineno":460}
{"timestamp":"2026-09-15T08:58:09.976845Z","level":"warning","event":"The `airflow.operators.bash.BashOperator` attribute is deprecated. Please use `'airflow.providers.standard.operators.bash.BashOperator'`.","category":"UserWarning","filename":"/opt/airflow/dags/bash_dag.py","lineno":2,"logger":"py.warnings"}
{"timestamp":"2026-09-15T08:58:40.666104Z","level":"info","event":"Filling up the DagBag from /opt/airflow/dags/bash_dag.py","logger":"airflow.dag_processing.dagbag.BundleDagBag","filename":"dagbag.py","lineno":460}
{"timestamp":"2026-09-15T08:58:40.787684Z","level":"warning","event":"The `airflow.operators.bash.BashOperator` attribute is deprecated. Please use `'airflow.providers.standard.operators.bash.BashOperator'`.","category":"UserWarning","filename":"/opt/airflow/dags/bash_dag.py","lineno":2,"logger":"py.warnings"}
{"timestamp":"2026-09-15T08:59:11.500690Z","level":"info","event":"Filling up the DagBag from /opt/airflow/dags/bash_dag.py","logger":"airflow.dag_processing.dagbag.BundleDagBag","filename":"dagbag.py","lineno":460}
{"timestamp":"2026-09-15T08:59:11.575900Z","level":"warning","event":"The `airflow.operators.bash.BashOperator` attribute is deprecated. Please use `'airflow.providers.standard.operators.bash.BashOperator'`.","category":"UserWarning","filename":"/opt/airflow/dags/bash_dag.py","lineno":2,"logger":"py.warnings"}
{"timestamp":"2026-09-15T08:59:42.306285Z","level":"info","event":"Filling up the DagBag from /opt/airflow/dags/bash_dag.py","logger":"airflow.dag_processing.dagbag.BundleDagBag","filename":"dagbag.py","lineno":460}
{"timestamp":"2026-09-15T08:59:42.381326Z","level":"warning","event":"The `airflow.operators.bash.BashOperator` attribute is deprecated. Please use `'airflow.providers.standard.operators.bash.BashOperator'`.","category":"UserWarning","filename":"/opt/airflow/dags/bash_dag.py","lineno":2,"logger":"py.warnings"}
{"timestamp":"2026-09-15T09:00:13.202608Z","level":"info","event":"Filling up the DagBag from /opt/airflow/dags/bash_dag.py","logger":"airflow.dag_processing.dagbag.BundleDagBag","filename":"dagbag.py","lineno":460}
{"timestamp":"2026-09-15T09:00:13.308948Z","level":"warning","event":"The `airflow.operators.bash.BashOperator` attribute is deprecated. Please use `'airflow.providers.standard.operators.bash.BashOperator'`.","category":"UserWarning","filename":"/opt/airflow/dags/bash_dag.py","lineno":2,"logger":"py.warnings"}
{"timestamp":"2026-09-15T09:00:43.608566Z","level":"info","event":"Filling up the DagBag from /opt/airflow/dags/bash_dag.py","logger":"airflow.dag_processing.dagbag.BundleDagBag","filename":"dagbag.py","lineno":460}
{"timestamp":"2026-09-15T09:00:43.716760Z","level":"warning","event":"The `airflow.operators.bash.BashOperator` attribute is deprecated. Please use `'airflow.providers.standard.operators.bash.BashOperator'`.","category":"UserWarning","filename":"/opt/airflow/dags/bash_dag.py","lineno":2,"logger":"py.warnings"}
{"timestamp":"2026-09-15T09:01:14.601866Z","level":"info","event":"Filling up the DagBag from /opt/airflow/dags/bash_dag.py","logger":"airflow.dag_processing.dagbag.BundleDagBag","filename":"dagbag.py","lineno":460}
{"timestamp":"2026-09-15T09:01:14.662376Z","level":"warning","event":"The `airflow.operators.bash.BashOperator` attribute is deprecated. Please use `'airflow.providers.standard.operators.bash.BashOperator'`.","category":"UserWarning","filename":"/opt/airflow/dags/bash_dag.py","lineno":2,"logger":"py.warnings"}
{"timestamp":"2026-09-15T09:01:45.352357Z","level":"info","event":"Filling up the DagBag from /opt/airflow/dags/bash_dag.py","logger":"airflow.dag_processing.dagbag.BundleDagBag","filename":"dagbag.py","lineno":460}
{"timestamp":"2026-09-15T09:01:45.433385Z","level":"warning","event":"The `airflow.operators.bash.BashOperator` attribute is deprecated. Please use `'airflow.providers.standard.operators.bash.BashOperator'`.","category":"UserWarning","filename":"/opt/airflow/dags/bash_dag.py","lineno":2,"logger":"py.warnings"}
{"timestamp":"2026-09-15T09:02:16.232421Z","level":"info","event":"Filling up the DagBag from /opt/airflow/dags/bash_dag.py","logger":"airflow.dag_processing.dagbag.BundleDagBag","filename":"dagbag.py","lineno":460}
{"timestamp":"2026-09-15T09:02:16.323549Z","level":"warning","event":"The `airflow.operators.bash.BashOperator` attribute is deprecated. Please use `'airflow.providers.standard.operators.bash.BashOperator'`.","category":"UserWarning","filename":"/opt/airflow/dags/bash_dag.py","lineno":2,"logger":"py.warnings"}
{"timestamp":"2026-09-15T09:02:47.170014Z","level":"info","event":"Filling up the DagBag from /opt/airflow/dags/bash_dag.py","logger":"airflow.dag_processing.dagbag.BundleDagBag","filename":"dagbag.py","lineno":460}
{"timestamp":"2026-09-15T09:02:47.244527Z","level":"warning","event":"The `airflow.operators.bash.BashOperator` attribute is deprecated. Please use `'airflow.providers.standard.operators.bash.BashOperator'`.","category":"UserWarning","filename":"/opt/airflow/dags/bash_dag.py","lineno":2,"logger":"py.warnings"}
{"timestamp":"2026-09-15T09:03:18.049192Z","level":"info","event":"Filling up the DagBag from /opt/airflow/dags/bash_dag.py","logger":"airflow.dag_processing.dagbag.BundleDagBag","filename":"dagbag.py","lineno":460}
{"timestamp":"2026-09-15T09:03:18.115444Z","level":"warning","event":"The `airflow.operators.bash.BashOperator` attribute is deprecated. Please use `'airflow.providers.standard.operators.bash.BashOperator'`.","category":"UserWarning","filename":"/opt/airflow/dags/bash_dag.py","lineno":2,"logger":"py.warnings"}
{"timestamp":"2026-09-15T09:03:48.996763Z","level":"info","event":"Filling up the DagBag from /opt/airflow/dags/bash_dag.py","logger":"airflow.dag_processing.dagbag.BundleDagBag","filename":"dagbag.py","lineno":460}
{"timestamp":"2026-09-15T09:03:49.073599Z","level":"warning","event":"The `airflow.operators.bash.BashOperator` attribute is deprecated. Please use `'airflow.providers.standard.operators.bash.BashOperator'`.","category":"UserWarning","filename":"/opt/airflow/dags/bash_dag.py","lineno":2,"logger":"py.warnings"}
{"timestamp":"2026-09-15T09:04:19.253155Z","level":"info","event":"Filling up the DagBag from /opt/airflow/dags/bash_dag.py","logger":"airflow.dag_processing.dagbag.BundleDagBag","filename":"dagbag.py","lineno":460}
{"timestamp":"2026-09-15T09:04:19.312270Z","level":"warning","event":"The `airflow.operators.bash.BashOperator` attribute is deprecated. Please use `'airflow.providers.standard.operators.bash.BashOperator'`.","category":"UserWarning","filename":"/opt/airflow/dags/bash_dag.py","lineno":2,"logger":"py.warnings"}
{"timestamp":"2026-09-15T09:04:50.198776Z","level":"info","event":"Filling up the DagBag from /opt/airflow/dags/bash_dag.py","logger":"airflow.dag_processing.dagbag.BundleDagBag","filename":"dagbag.py","lineno":460}
{"timestamp":"2026-09-15T09:04:50.275243Z","level":"warning","event":"The `airflow.operators.bash.BashOperator` attribute is deprecated. Please use `'airflow.providers.standard.operators.bash.BashOperator'`.","category":"UserWarning","filename":"/opt/airflow/dags/bash_dag.py","lineno":2,"logger":"py.warnings"}
{"timestamp":"2026-09-15T09:05:21.017708Z","level":"info","event":"Filling up the DagBag from /opt/airflow/dags/bash_dag.py","logger":"airflow.dag_processing.dagbag.BundleDagBag","filename":"dagbag.py","lineno":460}
{"timestamp":"2026-09-15T09:05:21.076285Z","level":"warning","event":"The `airflow.operators.bash.BashOperator` attribute is deprecated. Please use `'airflow.providers.standard.operators.bash.BashOperator'`.","category":"UserWarning","filename":"/opt/airflow/dags/bash_dag.py","lineno":2,"logger":"py.warnings"}
{"timestamp":"2026-09-15T09:05:51.346718Z","level":"info","event":"Filling up the DagBag from /opt/airflow/dags/bash_dag.py","logger":"airflow.dag_processing.dagbag.BundleDagBag","filename":"dagbag.py","lineno":460}
{"timestamp":"2026-09-15T09:05:51.498258Z","level":"warning","event":"The `airflow.operators.bash.BashOperator` attribute is deprecated. Please use `'airflow.providers.standard.operators.bash.BashOperator'`.","category":"UserWarning","filename":"/opt/airflow/dags/bash_dag.py","lineno":2,"logger":"py.warnings"}
{"timestamp":"2026-09-15T09:06:22.520243Z","level":"info","event":"Filling up the DagBag from /opt/airflow/dags/bash_dag.py","logger":"airflow.dag_processing.dagbag.BundleDagBag","filename":"dagbag.py","lineno":460}
{"timestamp":"2026-09-15T09:06:22.586981Z","level":"warning","event":"The `airflow.operators.bash.BashOperator` attribute is deprecated. Please use `'airflow.providers.standard.operators.bash.BashOperator'`.","category":"UserWarning","filename":"/opt/airflow/dags/bash_dag.py","lineno":2,"logger":"py.warnings"}
{"timestamp":"2026-09-15T09:06:52.951866Z","level":"info","event":"Filling up the DagBag from /opt/airflow/dags/bash_dag.py","logger":"airflow.dag_processing.dagbag.BundleDagBag","filename":"dagbag.py","lineno":460}
{"timestamp":"2026-09-15T09:06:53.036208Z","level":"warning","event":"The `airflow.operators.bash.BashOperator` attribute is deprecated. Please use `'airflow.providers.standard.operators.bash.BashOperator'`.","category":"UserWarning","filename":"/opt/airflow/dags/bash_dag.py","lineno":2,"logger":"py.warnings"}
{"timestamp":"2026-09-15T09:07:23.668731Z","level":"info","event":"Filling up the DagBag from /opt/airflow/dags/bash_dag.py","logger":"airflow.dag_processing.dagbag.BundleDagBag","filename":"dagbag.py","lineno":460}
{"timestamp":"2026-09-15T09:07:23.726393Z","level":"warning","event":"The `airflow.operators.bash.BashOperator` attribute is deprecated. Please use `'airflow.providers.standard.operators.bash.BashOperator'`.","category":"UserWarning","filename":"/opt/airflow/dags/bash_dag.py","lineno":2,"logger":"py.warnings"}
{"timestamp":"2026-09-15T09:07:53.956682Z","level":"info","event":"Filling up the DagBag from /opt/airflow/dags/bash_dag.py","logger":"airflow.dag_processing.dagbag.BundleDagBag","filename":"dagbag.py","lineno":460}
{"timestamp":"2026-09-15T09:07:54.017490Z","level":"warning","event":"The `airflow.operators.bash.BashOperator` attribute is deprecated. Please use `'airflow.providers.standard.operators.bash.BashOperator'`.","category":"UserWarning","filename":"/opt/airflow/dags/bash_dag.py","lineno":2,"logger":"py.warnings"}
{"timestamp":"2026-09-15T09:08:24.246247Z","level":"info","event":"Filling up the DagBag from /opt/airflow/dags/bash_dag.py","logger":"airflow.dag_processing.dagbag.BundleDagBag","filename":"dagbag.py","lineno":460}
{"timestamp":"2026-09-15T09:08:24.304498Z","level":"warning","event":"The `airflow.operators.bash.BashOperator` attribute is deprecated. Please use `'airflow.providers.standard.operators.bash.BashOperator'`.","category":"UserWarning","filename":"/opt/airflow/dags/bash_dag.py","lineno":2,"logger":"py.warnings"}
{"timestamp":"2026-09-15T09:08:55.290747Z","level":"info","event":"Filling up the DagBag from /opt/airflow/dags/bash_dag.py","logger":"airflow.dag_processing.dagbag.BundleDagBag","filename":"dagbag.py","lineno":460}
{"timestamp":"2026-09-15T09:08:55.353653Z","level":"warning","event":"The `airflow.operators.bash.BashOperator` attribute is deprecated. Please use `'airflow.providers.standard.operators.bash.BashOperator'`.","category":"UserWarning","filename":"/opt/airflow/dags/bash_dag.py","lineno":2,"logger":"py.warnings"}
{"timestamp":"2026-09-15T09:09:25.635507Z","level":"info","event":"Filling up the DagBag from /opt/airflow/dags/bash_dag.py","logger":"airflow.dag_processing.dagbag.BundleDagBag","filename":"dagbag.py","lineno":460}
{"timestamp":"2026-09-15T09:09:25.774017Z","level":"warning","event":"The `airflow.operators.bash.BashOperator` attribute is deprecated. Please use `'airflow.providers.standard.operators.bash.BashOperator'`.","category":"UserWarning","filename":"/opt/airflow/dags/bash_dag.py","lineno":2,"logger":"py.warnings"}
{"timestamp":"2026-09-15T09:09:56.443423Z","level":"info","event":"Filling up the DagBag from /opt/airflow/dags/bash_dag.py","logger":"airflow.dag_processing.dagbag.BundleDagBag","filename":"dagbag.py","lineno":460}
{"timestamp":"2026-09-15T09:09:56.542155Z","level":"warning","event":"The `airflow.operators.bash.BashOperator` attribute is deprecated. Please use `'airflow.providers.standard.operators.bash.BashOperator'`.","category":"UserWarning","filename":"/opt/airflow/dags/bash_dag.py","lineno":2,"logger":"py.warnings"}
{"timestamp":"2026-09-15T09:10:26.804679Z","level":"info","event":"Filling up the DagBag from /opt/airflow/dags/bash_dag.py","logger":"airflow.dag_processing.dagbag.BundleDagBag","filename":"dagbag.py","lineno":460}
{"timestamp":"2026-09-15T09:10:26.917246Z","level":"warning","event":"The `airflow.operators.bash.BashOperator` attribute is deprecated. Please use `'airflow.providers.standard.operators.bash.BashOperator'`.","category":"UserWarning","filename":"/opt/airflow/dags/bash_dag.py","lineno":2,"logger":"py.warnings"}
{"timestamp":"2026-09-15T09:10:57.112213Z","level":"info","event":"Filling up the DagBag from /opt/airflow/dags/bash_dag.py","logger":"airflow.dag_processing.dagbag.BundleDagBag","filename":"dagbag.py","lineno":460}
{"timestamp":"2026-09-15T09:10:57.201524Z","level":"warning","event":"The `airflow.operators.bash.BashOperator` attribute is deprecated. Please use `'airflow.providers.standard.operators.bash.BashOperator'`.","category":"UserWarning","filename":"/opt/airflow/dags/bash_dag.py","lineno":2,"logger":"py.warnings"}
{"timestamp":"2026-09-15T09:11:28.291856Z","level":"info","event":"Filling up the DagBag from /opt/airflow/dags/bash_dag.py","logger":"airflow.dag_processing.dagbag.BundleDagBag","filename":"dagbag.py","lineno":460}
{"timestamp":"2026-09-15T09:11:28.425686Z","level":"warning","event":"The `airflow.operators.bash.BashOperator` attribute is deprecated. Please use `'airflow.providers.standard.operators.bash.BashOperator'`.","category":"UserWarning","filename":"/opt/airflow/dags/bash_dag.py","lineno":2,"logger":"py.warnings"}
{"timestamp":"2026-09-15T09:11:58.625915Z","level":"info","event":"Filling up the DagBag from /opt/airflow/dags/bash_dag.py","logger":"airflow.dag_processing.dagbag.BundleDagBag","filename":"dagbag.py","lineno":460}
{"timestamp":"2026-09-15T09:11:58.685112Z","level":"warning","event":"The `airflow.operators.bash.BashOperator` attribute is deprecated. Please use `'airflow.providers.standard.operators.bash.BashOperator'`.","category":"UserWarning","filename":"/opt/airflow/dags/bash_dag.py","lineno":2,"logger":"py.warnings"}
{"timestamp":"2026-09-15T09:12:28.924595Z","level":"info","event":"Filling up the DagBag from /opt/airflow/dags/bash_dag.py","logger":"airflow.dag_processing.dagbag.BundleDagBag","filename":"dagbag.py","lineno":460}
{"timestamp":"2026-09-15T09:12:29.062022Z","level":"warning","event":"The `airflow.operators.bash.BashOperator` attribute is deprecated. Please use `'airflow.providers.standard.operators.bash.BashOperator'`.","category":"UserWarning","filename":"/opt/airflow/dags/bash_dag.py","lineno":2,"logger":"py.warnings"}
{"timestamp":"2026-09-15T09:12:59.574743Z","level":"info","event":"Filling up the DagBag from /opt/airflow/dags/bash_dag.py","logger":"airflow.dag_processing.dagbag.BundleDagBag","filename":"dagbag.py","lineno":460}
{"timestamp":"2026-09-15T09:12:59.711286Z","level":"warning","event":"The `airflow.operators.bash.BashOperator` attribute is deprecated. Please use `'airflow.providers.standard.operators.bash.BashOperator'`.","category":"UserWarning","filename":"/opt/airflow/dags/bash_dag.py","lineno":2,"logger":"py.warnings"}
{"timestamp":"2026-09-15T09:13:29.933612Z","level":"info","event":"Filling up the DagBag from /opt/airflow/dags/bash_dag.py","logger":"airflow.dag_processing.dagbag.BundleDagBag","filename":"dagbag.py","lineno":460}
{"timestamp":"2026-09-15T09:13:29.989294Z","level":"warning","event":"The `airflow.operators.bash.BashOperator` attribute is deprecated. Please use `'airflow.providers.standard.operators.bash.BashOperator'`.","category":"UserWarning","filename":"/opt/airflow/dags/bash_dag.py","lineno":2,"logger":"py.warnings"}
{"timestamp":"2026-09-15T09:14:00.156251Z","level":"info","event":"Filling up the DagBag from /opt/airflow/dags/bash_dag.py","logger":"airflow.dag_processing.dagbag.BundleDagBag","filename":"dagbag.py","lineno":460}
{"timestamp":"2026-09-15T09:14:00.231186Z","level":"warning","event":"The `airflow.operators.bash.BashOperator` attribute is deprecated. Please use `'airflow.providers.standard.operators.bash.BashOperator'`.","category":"UserWarning","filename":"/opt/airflow/dags/bash_dag.py","lineno":2,"logger":"py.warnings"}
{"timestamp":"2026-09-15T09:14:30.344345Z","level":"info","event":"Filling up the DagBag from /opt/airflow/dags/bash_dag.py","logger":"airflow.dag_processing.dagbag.BundleDagBag","filename":"dagbag.py","lineno":460}
{"timestamp":"2026-09-15T09:14:30.408017Z","level":"warning","event":"The `airflow.operators.bash.BashOperator` attribute is deprecated. Please use `'airflow.providers.standard.operators.bash.BashOperator'`.","category":"UserWarning","filename":"/opt/airflow/dags/bash_dag.py","lineno":2,"logger":"py.warnings"}
{"timestamp":"2026-09-15T09:15:00.689679Z","level":"info","event":"Filling up the DagBag from /opt/airflow/dags/bash_dag.py","logger":"airflow.dag_processing.dagbag.BundleDagBag","filename":"dagbag.py","lineno":460}
{"timestamp":"2026-09-15T09:15:00.745375Z","level":"warning","event":"The `airflow.operators.bash.BashOperator` attribute is deprecated. Please use `'airflow.providers.standard.operators.bash.BashOperator'`.","category":"UserWarning","filename":"/opt/airflow/dags/bash_dag.py","lineno":2,"logger":"py.warnings"}
{"timestamp":"2026-09-15T09:15:31.580775Z","level":"info","event":"Filling up the DagBag from /opt/airflow/dags/bash_dag.py","logger":"airflow.dag_processing.dagbag.BundleDagBag","filename":"dagbag.py","lineno":460}
{"timestamp":"2026-09-15T09:15:31.632418Z","level":"warning","event":"The `airflow.operators.bash.BashOperator` attribute is deprecated. Please use `'airflow.providers.standard.operators.bash.BashOperator'`.","category":"UserWarning","filename":"/opt/airflow/dags/bash_dag.py","lineno":2,"logger":"py.warnings"}
{"timestamp":"2026-09-15T09:16:02.184715Z","level":"info","event":"Filling up the DagBag from /opt/airflow/dags/bash_dag.py","logger":"airflow.dag_processing.dagbag.BundleDagBag","filename":"dagbag.py","lineno":460}
{"timestamp":"2026-09-15T09:16:02.290766Z","level":"warning","event":"The `airflow.operators.bash.BashOperator` attribute is deprecated. Please use `'airflow.providers.standard.operators.bash.BashOperator'`.","category":"UserWarning","filename":"/opt/airflow/dags/bash_dag.py","lineno":2,"logger":"py.warnings"}
{"timestamp":"2026-09-15T09:16:32.665307Z","level":"info","event":"Filling up the DagBag from /opt/airflow/dags/bash_dag.py","logger":"airflow.dag_processing.dagbag.BundleDagBag","filename":"dagbag.py","lineno":460}
{"timestamp":"2026-09-15T09:16:32.727133Z","level":"warning","event":"The `airflow.operators.bash.BashOperator` attribute is deprecated. Please use `'airflow.providers.standard.operators.bash.BashOperator'`.","category":"UserWarning","filename":"/opt/airflow/dags/bash_dag.py","lineno":2,"logger":"py.warnings"}
{"timestamp":"2026-09-15T09:17:02.993965Z","level":"info","event":"Filling up the DagBag from /opt/airflow/dags/bash_dag.py","logger":"airflow.dag_processing.dagbag.BundleDagBag","filename":"dagbag.py","lineno":460}
{"timestamp":"2026-09-15T09:17:03.087113Z","level":"warning","event":"The `airflow.operators.bash.BashOperator` attribute is deprecated. Please use `'airflow.providers.standard.operators.bash.BashOperator'`.","category":"UserWarning","filename":"/opt/airflow/dags/bash_dag.py","lineno":2,"logger":"py.warnings"}
{"timestamp":"2026-09-15T09:17:34.106127Z","level":"info","event":"Filling up the DagBag from /opt/airflow/dags/bash_dag.py","logger":"airflow.dag_processing.dagbag.BundleDagBag","filename":"dagbag.py","lineno":460}
{"timestamp":"2026-09-15T09:17:34.163200Z","level":"warning","event":"The `airflow.operators.bash.BashOperator` attribute is deprecated. Please use `'airflow.providers.standard.operators.bash.BashOperator'`.","category":"UserWarning","filename":"/opt/airflow/dags/bash_dag.py","lineno":2,"logger":"py.warnings"}
{"timestamp":"2026-09-15T09:18:05.104006Z","level":"info","event":"Filling up the DagBag from /opt/airflow/dags/bash_dag.py","logger":"airflow.dag_processing.dagbag.BundleDagBag","filename":"dagbag.py","lineno":460}
{"timestamp":"2026-09-15T09:18:05.178615Z","level":"warning","event":"The `airflow.operators.bash.BashOperator` attribute is deprecated. Please use `'airflow.providers.standard.operators.bash.BashOperator'`.","category":"UserWarning","filename":"/opt/airflow/dags/bash_dag.py","lineno":2,"logger":"py.warnings"}
{"timestamp":"2026-09-15T09:18:36.155100Z","level":"info","event":"Filling up the DagBag from /opt/airflow/dags/bash_dag.py","logger":"airflow.dag_processing.dagbag.BundleDagBag","filename":"dagbag.py","lineno":460}
{"timestamp":"2026-09-15T09:18:36.311950Z","level":"warning","event":"The `airflow.operators.bash.BashOperator` attribute is deprecated. Please use `'airflow.providers.standard.operators.bash.BashOperator'`.","category":"UserWarning","filename":"/opt/airflow/dags/bash_dag.py","lineno":2,"logger":"py.warnings"}
{"timestamp":"2026-09-15T09:19:06.559651Z","level":"info","event":"Filling up the DagBag from /opt/airflow/dags/bash_dag.py","logger":"airflow.dag_processing.dagbag.BundleDagBag","filename":"dagbag.py","lineno":460}
{"timestamp":"2026-09-15T09:19:06.639743Z","level":"warning","event":"The `airflow.operators.bash.BashOperator` attribute is deprecated. Please use `'airflow.providers.standard.operators.bash.BashOperator'`.","category":"UserWarning","filename":"/opt/airflow/dags/bash_dag.py","lineno":2,"logger":"py.warnings"}
{"timestamp":"2026-09-15T09:19:37.694875Z","level":"info","event":"Filling up the DagBag from /opt/airflow/dags/bash_dag.py","logger":"airflow.dag_processing.dagbag.BundleDagBag","filename":"dagbag.py","lineno":460}
{"timestamp":"2026-09-15T09:19:37.766174Z","level":"warning","event":"The `airflow.operators.bash.BashOperator` attribute is deprecated. Please use `'airflow.providers.standard.operators.bash.BashOperator'`.","category":"UserWarning","filename":"/opt/airflow/dags/bash_dag.py","lineno":2,"logger":"py.warnings"}
{"timestamp":"2026-09-15T09:20:08.065538Z","level":"info","event":"Filling up the DagBag from /opt/airflow/dags/bash_dag.py","logger":"airflow.dag_processing.dagbag.BundleDagBag","filename":"dagbag.py","lineno":460}
{"timestamp":"2026-09-15T09:20:08.158585Z","level":"warning","event":"The `airflow.operators.bash.BashOperator` attribute is deprecated. Please use `'airflow.providers.standard.operators.bash.BashOperator'`.","category":"UserWarning","filename":"/opt/airflow/dags/bash_dag.py","lineno":2,"logger":"py.warnings"}
{"timestamp":"2026-09-15T09:20:38.523885Z","level":"info","event":"Filling up the DagBag from /opt/airflow/dags/bash_dag.py","logger":"airflow.dag_processing.dagbag.BundleDagBag","filename":"dagbag.py","lineno":460}
{"timestamp":"2026-09-15T09:20:38.613020Z","level":"warning","event":"The `airflow.operators.bash.BashOperator` attribute is deprecated. Please use `'airflow.providers.standard.operators.bash.BashOperator'`.","category":"UserWarning","filename":"/opt/airflow/dags/bash_dag.py","lineno":2,"logger":"py.warnings"}
{"timestamp":"2026-09-15T09:21:08.948107Z","level":"info","event":"Filling up the DagBag from /opt/airflow/dags/bash_dag.py","logger":"airflow.dag_processing.dagbag.BundleDagBag","filename":"dagbag.py","lineno":460}
{"timestamp":"2026-09-15T09:21:09.084965Z","level":"warning","event":"The `airflow.operators.bash.BashOperator` attribute is deprecated. Please use `'airflow.providers.standard.operators.bash.BashOperator'`.","category":"UserWarning","filename":"/opt/airflow/dags/bash_dag.py","lineno":2,"logger":"py.warnings"}
{"timestamp":"2026-09-15T09:21:40.077686Z","level":"info","event":"Filling up the DagBag from /opt/airflow/dags/bash_dag.py","logger":"airflow.dag_processing.dagbag.BundleDagBag","filename":"dagbag.py","lineno":460}
{"timestamp":"2026-09-15T09:21:40.164778Z","level":"warning","event":"The `airflow.operators.bash.BashOperator` attribute is deprecated. Please use `'airflow.providers.standard.operators.bash.BashOperator'`.","category":"UserWarning","filename":"/opt/airflow/dags/bash_dag.py","lineno":2,"logger":"py.warnings"}
{"timestamp":"2026-09-15T09:22:10.382510Z","level":"info","event":"Filling up the DagBag from /opt/airflow/dags/bash_dag.py","logger":"airflow.dag_processing.dagbag.BundleDagBag","filename":"dagbag.py","lineno":460}
{"timestamp":"2026-09-15T09:22:10.438981Z","level":"warning","event":"The `airflow.operators.bash.BashOperator` attribute is deprecated. Please use `'airflow.providers.standard.operators.bash.BashOperator'`.","category":"UserWarning","filename":"/opt/airflow/dags/bash_dag.py","lineno":2,"logger":"py.warnings"}
{"timestamp":"2026-09-15T09:22:40.802015Z","level":"info","event":"Filling up the DagBag from /opt/airflow/dags/bash_dag.py","logger":"airflow.dag_processing.dagbag.BundleDagBag","filename":"dagbag.py","lineno":460}
{"timestamp":"2026-09-15T09:22:40.891853Z","level":"warning","event":"The `airflow.operators.bash.BashOperator` attribute is deprecated. Please use `'airflow.providers.standard.operators.bash.BashOperator'`.","category":"UserWarning","filename":"/opt/airflow/dags/bash_dag.py","lineno":2,"logger":"py.warnings"}
{"timestamp":"2026-09-15T09:23:11.104175Z","level":"info","event":"Filling up the DagBag from /opt/airflow/dags/bash_dag.py","logger":"airflow.dag_processing.dagbag.BundleDagBag","filename":"dagbag.py","lineno":460}
{"timestamp":"2026-09-15T09:23:11.169332Z","level":"warning","event":"The `airflow.operators.bash.BashOperator` attribute is deprecated. Please use `'airflow.providers.standard.operators.bash.BashOperator'`.","category":"UserWarning","filename":"/opt/airflow/dags/bash_dag.py","lineno":2,"logger":"py.warnings"}
{"timestamp":"2026-09-15T09:23:42.122603Z","level":"info","event":"Filling up the DagBag from /opt/airflow/dags/bash_dag.py","logger":"airflow.dag_processing.dagbag.BundleDagBag","filename":"dagbag.py","lineno":460}
{"timestamp":"2026-09-15T09:23:42.194705Z","level":"warning","event":"The `airflow.operators.bash.BashOperator` attribute is deprecated. Please use `'airflow.providers.standard.operators.bash.BashOperator'`.","category":"UserWarning","filename":"/opt/airflow/dags/bash_dag.py","lineno":2,"logger":"py.warnings"}
{"timestamp":"2026-09-15T09:24:12.347347Z","level":"info","event":"Filling up the DagBag from /opt/airflow/dags/bash_dag.py","logger":"airflow.dag_processing.dagbag.BundleDagBag","filename":"dagbag.py","lineno":460}
{"timestamp":"2026-09-15T09:24:12.415065Z","level":"warning","event":"The `airflow.operators.bash.BashOperator` attribute is deprecated. Please use `'airflow.providers.standard.operators.bash.BashOperator'`.","category":"UserWarning","filename":"/opt/airflow/dags/bash_dag.py","lineno":2,"logger":"py.warnings"}
{"timestamp":"2026-09-15T09:24:43.410369Z","level":"info","event":"Filling up the DagBag from /opt/airflow/dags/bash_dag.py","logger":"airflow.dag_processing.dagbag.BundleDagBag","filename":"dagbag.py","lineno":460}
{"timestamp":"2026-09-15T09:24:43.503621Z","level":"warning","event":"The `airflow.operators.bash.BashOperator` attribute is deprecated. Please use `'airflow.providers.standard.operators.bash.BashOperator'`.","category":"UserWarning","filename":"/opt/airflow/dags/bash_dag.py","lineno":2,"logger":"py.warnings"}
{"timestamp":"2026-09-15T09:25:13.709169Z","level":"info","event":"Filling up the DagBag from /opt/airflow/dags/bash_dag.py","logger":"airflow.dag_processing.dagbag.BundleDagBag","filename":"dagbag.py","lineno":460}
{"timestamp":"2026-09-15T09:25:13.838669Z","level":"warning","event":"The `airflow.operators.bash.BashOperator` attribute is deprecated. Please use `'airflow.providers.standard.operators.bash.BashOperator'`.","category":"UserWarning","filename":"/opt/airflow/dags/bash_dag.py","lineno":2,"logger":"py.warnings"}
{"timestamp":"2026-09-15T09:25:44.031920Z","level":"info","event":"Filling up the DagBag from /opt/airflow/dags/bash_dag.py","logger":"airflow.dag_processing.dagbag.BundleDagBag","filename":"dagbag.py","lineno":460}
{"timestamp":"2026-09-15T09:25:44.084298Z","level":"warning","event":"The `airflow.operators.bash.BashOperator` attribute is deprecated. Please use `'airflow.providers.standard.operators.bash.BashOperator'`.","category":"UserWarning","filename":"/opt/airflow/dags/bash_dag.py","lineno":2,"logger":"py.warnings"}
{"timestamp":"2026-09-15T09:26:15.094728Z","level":"info","event":"Filling up the DagBag from /opt/airflow/dags/bash_dag.py","logger":"airflow.dag_processing.dagbag.BundleDagBag","filename":"dagbag.py","lineno":460}
{"timestamp":"2026-09-15T09:26:15.149614Z","level":"warning","event":"The `airflow.operators.bash.BashOperator` attribute is deprecated. Please use `'airflow.providers.standard.operators.bash.BashOperator'`.","category":"UserWarning","filename":"/opt/airflow/dags/bash_dag.py","lineno":2,"logger":"py.warnings"}
{"timestamp":"2026-09-15T09:26:46.175114Z","level":"info","event":"Filling up the DagBag from /opt/airflow/dags/bash_dag.py","logger":"airflow.dag_processing.dagbag.BundleDagBag","filename":"dagbag.py","lineno":460}
{"timestamp":"2026-09-15T09:26:46.260321Z","level":"warning","event":"The `airflow.operators.bash.BashOperator` attribute is deprecated. Please use `'airflow.providers.standard.operators.bash.BashOperator'`.","category":"UserWarning","filename":"/opt/airflow/dags/bash_dag.py","lineno":2,"logger":"py.warnings"}
{"timestamp":"2026-09-15T09:27:17.256505Z","level":"info","event":"Filling up the DagBag from /opt/airflow/dags/bash_dag.py","logger":"airflow.dag_processing.dagbag.BundleDagBag","filename":"dagbag.py","lineno":460}
{"timestamp":"2026-09-15T09:27:17.307070Z","level":"warning","event":"The `airflow.operators.bash.BashOperator` attribute is deprecated. Please use `'airflow.providers.standard.operators.bash.BashOperator'`.","category":"UserWarning","filename":"/opt/airflow/dags/bash_dag.py","lineno":2,"logger":"py.warnings"}
{"timestamp":"2026-09-15T09:27:47.533049Z","level":"info","event":"Filling up the DagBag from /opt/airflow/dags/bash_dag.py","logger":"airflow.dag_processing.dagbag.BundleDagBag","filename":"dagbag.py","lineno":460}
{"timestamp":"2026-09-15T09:27:47.603202Z","level":"warning","event":"The `airflow.operators.bash.BashOperator` attribute is deprecated. Please use `'airflow.providers.standard.operators.bash.BashOperator'`.","category":"UserWarning","filename":"/opt/airflow/dags/bash_dag.py","lineno":2,"logger":"py.warnings"}
{"timestamp":"2026-09-15T09:28:18.073345Z","level":"info","event":"Filling up the DagBag from /opt/airflow/dags/bash_dag.py","logger":"airflow.dag_processing.dagbag.BundleDagBag","filename":"dagbag.py","lineno":460}
{"timestamp":"2026-09-15T09:28:18.154286Z","level":"warning","event":"The `airflow.operators.bash.BashOperator` attribute is deprecated. Please use `'airflow.providers.standard.operators.bash.BashOperator'`.","category":"UserWarning","filename":"/opt/airflow/dags/bash_dag.py","lineno":2,"logger":"py.warnings"}
{"timestamp":"2026-09-15T09:28:48.324432Z","level":"info","event":"Filling up the DagBag from /opt/airflow/dags/bash_dag.py","logger":"airflow.dag_processing.dagbag.BundleDagBag","filename":"dagbag.py","lineno":460}
{"timestamp":"2026-09-15T09:28:48.396078Z","level":"warning","event":"The `airflow.operators.bash.BashOperator` attribute is deprecated. Please use `'airflow.providers.standard.operators.bash.BashOperator'`.","category":"UserWarning","filename":"/opt/airflow/dags/bash_dag.py","lineno":2,"logger":"py.warnings"}
{"timestamp":"2026-09-15T09:29:19.421461Z","level":"info","event":"Filling up the DagBag from /opt/airflow/dags/bash_dag.py","logger":"airflow.dag_processing.dagbag.BundleDagBag","filename":"dagbag.py","lineno":460}
{"timestamp":"2026-09-15T09:29:19.476314Z","level":"warning","event":"The `airflow.operators.bash.BashOperator` attribute is deprecated. Please use `'airflow.providers.standard.operators.bash.BashOperator'`.","category":"UserWarning","filename":"/opt/airflow/dags/bash_dag.py","lineno":2,"logger":"py.warnings"}
{"timestamp":"2026-09-15T09:29:50.411626Z","level":"info","event":"Filling up the DagBag from /opt/airflow/dags/bash_dag.py","logger":"airflow.dag_processing.dagbag.BundleDagBag","filename":"dagbag.py","lineno":460}
{"timestamp":"2026-09-15T09:29:50.476569Z","level":"warning","event":"The `airflow.operators.bash.BashOperator` attribute is deprecated. Please use `'airflow.providers.standard.operators.bash.BashOperator'`.","category":"UserWarning","filename":"/opt/airflow/dags/bash_dag.py","lineno":2,"logger":"py.warnings"}
{"timestamp":"2026-09-15T09:30:20.685336Z","level":"info","event":"Filling up the DagBag from /opt/airflow/dags/bash_dag.py","logger":"airflow.dag_processing.dagbag.BundleDagBag","filename":"dagbag.py","lineno":460}
{"timestamp":"2026-09-15T09:30:20.860238Z","level":"warning","event":"The `airflow.operators.bash.BashOperator` attribute is deprecated. Please use `'airflow.providers.standard.operators.bash.BashOperator'`.","category":"UserWarning","filename":"/opt/airflow/dags/bash_dag.py","lineno":2,"logger":"py.warnings"}
{"timestamp":"2026-09-15T09:30:52.060577Z","level":"info","event":"Filling up the DagBag from /opt/airflow/dags/bash_dag.py","logger":"airflow.dag_processing.dagbag.BundleDagBag","filename":"dagbag.py","lineno":460}
{"timestamp":"2026-09-15T09:30:52.189717Z","level":"warning","event":"The `airflow.operators.bash.BashOperator` attribute is deprecated. Please use `'airflow.providers.standard.operators.bash.BashOperator'`.","category":"UserWarning","filename":"/opt/airflow/dags/bash_dag.py","lineno":2,"logger":"py.warnings"}
{"timestamp":"2026-09-15T09:31:22.358911Z","level":"info","event":"Filling up the DagBag from /opt/airflow/dags/bash_dag.py","logger":"airflow.dag_processing.dagbag.BundleDagBag","filename":"dagbag.py","lineno":460}
{"timestamp":"2026-09-15T09:31:22.445627Z","level":"warning","event":"The `airflow.operators.bash.BashOperator` attribute is deprecated. Please use `'airflow.providers.standard.operators.bash.BashOperator'`.","category":"UserWarning","filename":"/opt/airflow/dags/bash_dag.py","lineno":2,"logger":"py.warnings"}
{"timestamp":"2026-09-15T09:31:53.584508Z","level":"info","event":"Filling up the DagBag from /opt/airflow/dags/bash_dag.py","logger":"airflow.dag_processing.dagbag.BundleDagBag","filename":"dagbag.py","lineno":460}
{"timestamp":"2026-09-15T09:31:53.668143Z","level":"warning","event":"The `airflow.operators.bash.BashOperator` attribute is deprecated. Please use `'airflow.providers.standard.operators.bash.BashOperator'`.","category":"UserWarning","filename":"/opt/airflow/dags/bash_dag.py","lineno":2,"logger":"py.warnings"}
{"timestamp":"2026-09-15T09:32:23.922897Z","level":"info","event":"Filling up the DagBag from /opt/airflow/dags/bash_dag.py","logger":"airflow.dag_processing.dagbag.BundleDagBag","filename":"dagbag.py","lineno":460}
{"timestamp":"2026-09-15T09:32:23.979381Z","level":"warning","event":"The `airflow.operators.bash.BashOperator` attribute is deprecated. Please use `'airflow.providers.standard.operators.bash.BashOperator'`.","category":"UserWarning","filename":"/opt/airflow/dags/bash_dag.py","lineno":2,"logger":"py.warnings"}
{"timestamp":"2026-09-15T09:32:54.376880Z","level":"info","event":"Filling up the DagBag from /opt/airflow/dags/bash_dag.py","logger":"airflow.dag_processing.dagbag.BundleDagBag","filename":"dagbag.py","lineno":460}
{"timestamp":"2026-09-15T09:32:54.482434Z","level":"warning","event":"The `airflow.operators.bash.BashOperator` attribute is deprecated. Please use `'airflow.providers.standard.operators.bash.BashOperator'`.","category":"UserWarning","filename":"/opt/airflow/dags/bash_dag.py","lineno":2,"logger":"py.warnings"}
{"timestamp":"2026-09-15T09:33:25.512047Z","level":"info","event":"Filling up the DagBag from /opt/airflow/dags/bash_dag.py","logger":"airflow.dag_processing.dagbag.BundleDagBag","filename":"dagbag.py","lineno":460}
{"timestamp":"2026-09-15T09:33:25.563758Z","level":"warning","event":"The `airflow.operators.bash.BashOperator` attribute is deprecated. Please use `'airflow.providers.standard.operators.bash.BashOperator'`.","category":"UserWarning","filename":"/opt/airflow/dags/bash_dag.py","lineno":2,"logger":"py.warnings"}
{"timestamp":"2026-09-15T09:33:55.854161Z","level":"info","event":"Filling up the DagBag from /opt/airflow/dags/bash_dag.py","logger":"airflow.dag_processing.dagbag.BundleDagBag","filename":"dagbag.py","lineno":460}
{"timestamp":"2026-09-15T09:33:55.953281Z","level":"warning","event":"The `airflow.operators.bash.BashOperator` attribute is deprecated. Please use `'airflow.providers.standard.operators.bash.BashOperator'`.","category":"UserWarning","filename":"/opt/airflow/dags/bash_dag.py","lineno":2,"logger":"py.warnings"}
{"timestamp":"2026-09-15T09:34:26.150534Z","level":"info","event":"Filling up the DagBag from /opt/airflow/dags/bash_dag.py","logger":"airflow.dag_processing.dagbag.BundleDagBag","filename":"dagbag.py","lineno":460}
{"timestamp":"2026-09-15T09:34:26.201537Z","level":"warning","event":"The `airflow.operators.bash.BashOperator` attribute is deprecated. Please use `'airflow.providers.standard.operators.bash.BashOperator'`.","category":"UserWarning","filename":"/opt/airflow/dags/bash_dag.py","lineno":2,"logger":"py.warnings"}
{"timestamp":"2026-09-15T09:34:57.134776Z","level":"info","event":"Filling up the DagBag from /opt/airflow/dags/bash_dag.py","logger":"airflow.dag_processing.dagbag.BundleDagBag","filename":"dagbag.py","lineno":460}
{"timestamp":"2026-09-15T09:34:57.183875Z","level":"warning","event":"The `airflow.operators.bash.BashOperator` attribute is deprecated. Please use `'airflow.providers.standard.operators.bash.BashOperator'`.","category":"UserWarning","filename":"/opt/airflow/dags/bash_dag.py","lineno":2,"logger":"py.warnings"}
{"timestamp":"2026-09-15T09:35:28.237704Z","level":"info","event":"Filling up the DagBag from /opt/airflow/dags/bash_dag.py","logger":"airflow.dag_processing.dagbag.BundleDagBag","filename":"dagbag.py","lineno":460}
{"timestamp":"2026-09-15T09:35:28.286882Z","level":"warning","event":"The `airflow.operators.bash.BashOperator` attribute is deprecated. Please use `'airflow.providers.standard.operators.bash.BashOperator'`.","category":"UserWarning","filename":"/opt/airflow/dags/bash_dag.py","lineno":2,"logger":"py.warnings"}
{"timestamp":"2026-09-15T09:35:59.239625Z","level":"info","event":"Filling up the DagBag from /opt/airflow/dags/bash_dag.py","logger":"airflow.dag_processing.dagbag.BundleDagBag","filename":"dagbag.py","lineno":460}
{"timestamp":"2026-09-15T09:35:59.324279Z","level":"warning","event":"The `airflow.operators.bash.BashOperator` attribute is deprecated. Please use `'airflow.providers.standard.operators.bash.BashOperator'`.","category":"UserWarning","filename":"/opt/airflow/dags/bash_dag.py","lineno":2,"logger":"py.warnings"}
{"timestamp":"2026-09-15T09:36:29.733489Z","level":"info","event":"Filling up the DagBag from /opt/airflow/dags/bash_dag.py","logger":"airflow.dag_processing.dagbag.BundleDagBag","filename":"dagbag.py","lineno":460}
{"timestamp":"2026-09-15T09:36:29.855474Z","level":"warning","event":"The `airflow.operators.bash.BashOperator` attribute is deprecated. Please use `'airflow.providers.standard.operators.bash.BashOperator'`.","category":"UserWarning","filename":"/opt/airflow/dags/bash_dag.py","lineno":2,"logger":"py.warnings"}
{"timestamp":"2026-09-15T09:36:59.993917Z","level":"info","event":"Filling up the DagBag from /opt/airflow/dags/bash_dag.py","logger":"airflow.dag_processing.dagbag.BundleDagBag","filename":"dagbag.py","lineno":460}
{"timestamp":"2026-09-15T09:37:00.046194Z","level":"warning","event":"The `airflow.operators.bash.BashOperator` attribute is deprecated. Please use `'airflow.providers.standard.operators.bash.BashOperator'`.","category":"UserWarning","filename":"/opt/airflow/dags/bash_dag.py","lineno":2,"logger":"py.warnings"}
{"timestamp":"2026-09-15T09:37:30.228199Z","level":"info","event":"Filling up the DagBag from /opt/airflow/dags/bash_dag.py","logger":"airflow.dag_processing.dagbag.BundleDagBag","filename":"dagbag.py","lineno":460}
{"timestamp":"2026-09-15T09:37:30.287725Z","level":"warning","event":"The `airflow.operators.bash.BashOperator` attribute is deprecated. Please use `'airflow.providers.standard.operators.bash.BashOperator'`.","category":"UserWarning","filename":"/opt/airflow/dags/bash_dag.py","lineno":2,"logger":"py.warnings"}
{"timestamp":"2026-09-15T09:38:00.574737Z","level":"info","event":"Filling up the DagBag from /opt/airflow/dags/bash_dag.py","logger":"airflow.dag_processing.dagbag.BundleDagBag","filename":"dagbag.py","lineno":460}
{"timestamp":"2026-09-15T09:38:00.624707Z","level":"warning","event":"The `airflow.operators.bash.BashOperator` attribute is deprecated. Please use `'airflow.providers.standard.operators.bash.BashOperator'`.","category":"UserWarning","filename":"/opt/airflow/dags/bash_dag.py","lineno":2,"logger":"py.warnings"}
{"timestamp":"2026-09-15T09:38:31.641631Z","level":"info","event":"Filling up the DagBag from /opt/airflow/dags/bash_dag.py","logger":"airflow.dag_processing.dagbag.BundleDagBag","filename":"dagbag.py","lineno":460}
{"timestamp":"2026-09-15T09:38:31.693134Z","level":"warning","event":"The `airflow.operators.bash.BashOperator` attribute is deprecated. Please use `'airflow.providers.standard.operators.bash.BashOperator'`.","category":"UserWarning","filename":"/opt/airflow/dags/bash_dag.py","lineno":2,"logger":"py.warnings"}
{"timestamp":"2026-09-15T09:39:01.853394Z","level":"info","event":"Filling up the DagBag from /opt/airflow/dags/bash_dag.py","logger":"airflow.dag_processing.dagbag.BundleDagBag","filename":"dagbag.py","lineno":460}
{"timestamp":"2026-09-15T09:39:01.917479Z","level":"warning","event":"The `airflow.operators.bash.BashOperator` attribute is deprecated. Please use `'airflow.providers.standard.operators.bash.BashOperator'`.","category":"UserWarning","filename":"/opt/airflow/dags/bash_dag.py","lineno":2,"logger":"py.warnings"}
{"timestamp":"2026-09-15T09:39:33.031767Z","level":"info","event":"Filling up the DagBag from /opt/airflow/dags/bash_dag.py","logger":"airflow.dag_processing.dagbag.BundleDagBag","filename":"dagbag.py","lineno":460}
{"timestamp":"2026-09-15T09:39:33.147078Z","level":"warning","event":"The `airflow.operators.bash.BashOperator` attribute is deprecated. Please use `'airflow.providers.standard.operators.bash.BashOperator'`.","category":"UserWarning","filename":"/opt/airflow/dags/bash_dag.py","lineno":2,"logger":"py.warnings"}
{"timestamp":"2026-09-15T09:40:03.378856Z","level":"info","event":"Filling up the DagBag from /opt/airflow/dags/bash_dag.py","logger":"airflow.dag_processing.dagbag.BundleDagBag","filename":"dagbag.py","lineno":460}
{"timestamp":"2026-09-15T09:40:03.484020Z","level":"warning","event":"The `airflow.operators.bash.BashOperator` attribute is deprecated. Please use `'airflow.providers.standard.operators.bash.BashOperator'`.","category":"UserWarning","filename":"/opt/airflow/dags/bash_dag.py","lineno":2,"logger":"py.warnings"}
{"timestamp":"2026-09-15T09:40:33.748842Z","level":"info","event":"Filling up the DagBag from /opt/airflow/dags/bash_dag.py","logger":"airflow.dag_processing.dagbag.BundleDagBag","filename":"dagbag.py","lineno":460}
{"timestamp":"2026-09-15T09:40:33.831408Z","level":"warning","event":"The `airflow.operators.bash.BashOperator` attribute is deprecated. Please use `'airflow.providers.standard.operators.bash.BashOperator'`.","category":"UserWarning","filename":"/opt/airflow/dags/bash_dag.py","lineno":2,"logger":"py.warnings"}
{"timestamp":"2026-09-15T09:41:04.186615Z","level":"info","event":"Filling up the DagBag from /opt/airflow/dags/bash_dag.py","logger":"airflow.dag_processing.dagbag.BundleDagBag","filename":"dagbag.py","lineno":460}
{"timestamp":"2026-09-15T09:41:04.260389Z","level":"warning","event":"The `airflow.operators.bash.BashOperator` attribute is deprecated. Please use `'airflow.providers.standard.operators.bash.BashOperator'`.","category":"UserWarning","filename":"/opt/airflow/dags/bash_dag.py","lineno":2,"logger":"py.warnings"}
{"timestamp":"2026-09-15T09:41:34.706238Z","level":"info","event":"Filling up the DagBag from /opt/airflow/dags/bash_dag.py","logger":"airflow.dag_processing.dagbag.BundleDagBag","filename":"dagbag.py","lineno":460}
{"timestamp":"2026-09-15T09:41:34.826463Z","level":"warning","event":"The `airflow.operators.bash.BashOperator` attribute is deprecated. Please use `'airflow.providers.standard.operators.bash.BashOperator'`.","category":"UserWarning","filename":"/opt/airflow/dags/bash_dag.py","lineno":2,"logger":"py.warnings"}
{"timestamp":"2026-09-15T09:42:05.593776Z","level":"info","event":"Filling up the DagBag from /opt/airflow/dags/bash_dag.py","logger":"airflow.dag_processing.dagbag.BundleDagBag","filename":"dagbag.py","lineno":460}
{"timestamp":"2026-09-15T09:42:05.755602Z","level":"warning","event":"The `airflow.operators.bash.BashOperator` attribute is deprecated. Please use `'airflow.providers.standard.operators.bash.BashOperator'`.","category":"UserWarning","filename":"/opt/airflow/dags/bash_dag.py","lineno":2,"logger":"py.warnings"}
{"timestamp":"2026-09-15T09:42:36.298966Z","level":"info","event":"Filling up the DagBag from /opt/airflow/dags/bash_dag.py","logger":"airflow.dag_processing.dagbag.BundleDagBag","filename":"dagbag.py","lineno":460}
{"timestamp":"2026-09-15T09:42:36.466861Z","level":"warning","event":"The `airflow.operators.bash.BashOperator` attribute is deprecated. Please use `'airflow.providers.standard.operators.bash.BashOperator'`.","category":"UserWarning","filename":"/opt/airflow/dags/bash_dag.py","lineno":2,"logger":"py.warnings"}
{"timestamp":"2026-09-15T09:43:06.784031Z","level":"info","event":"Filling up the DagBag from /opt/airflow/dags/bash_dag.py","logger":"airflow.dag_processing.dagbag.BundleDagBag","filename":"dagbag.py","lineno":460}
{"timestamp":"2026-09-15T09:43:06.914060Z","level":"warning","event":"The `airflow.operators.bash.BashOperator` attribute is deprecated. Please use `'airflow.providers.standard.operators.bash.BashOperator'`.","category":"UserWarning","filename":"/opt/airflow/dags/bash_dag.py","lineno":2,"logger":"py.warnings"}
{"timestamp":"2026-09-15T09:43:37.259815Z","level":"info","event":"Filling up the DagBag from /opt/airflow/dags/bash_dag.py","logger":"airflow.dag_processing.dagbag.BundleDagBag","filename":"dagbag.py","lineno":460}
{"timestamp":"2026-09-15T09:43:37.328059Z","level":"warning","event":"The `airflow.operators.bash.BashOperator` attribute is deprecated. Please use `'airflow.providers.standard.operators.bash.BashOperator'`.","category":"UserWarning","filename":"/opt/airflow/dags/bash_dag.py","lineno":2,"logger":"py.warnings"}
{"timestamp":"2026-09-15T09:44:07.596135Z","level":"info","event":"Filling up the DagBag from /opt/airflow/dags/bash_dag.py","logger":"airflow.dag_processing.dagbag.BundleDagBag","filename":"dagbag.py","lineno":460}
{"timestamp":"2026-09-15T09:44:07.661940Z","level":"warning","event":"The `airflow.operators.bash.BashOperator` attribute is deprecated. Please use `'airflow.providers.standard.operators.bash.BashOperator'`.","category":"UserWarning","filename":"/opt/airflow/dags/bash_dag.py","lineno":2,"logger":"py.warnings"}
{"timestamp":"2026-09-15T09:44:38.729864Z","level":"info","event":"Filling up the DagBag from /opt/airflow/dags/bash_dag.py","logger":"airflow.dag_processing.dagbag.BundleDagBag","filename":"dagbag.py","lineno":460}
{"timestamp":"2026-09-15T09:44:38.836090Z","level":"warning","event":"The `airflow.operators.bash.BashOperator` attribute is deprecated. Please use `'airflow.providers.standard.operators.bash.BashOperator'`.","category":"UserWarning","filename":"/opt/airflow/dags/bash_dag.py","lineno":2,"logger":"py.warnings"}
{"timestamp":"2026-09-15T09:45:09.059974Z","level":"info","event":"Filling up the DagBag from /opt/airflow/dags/bash_dag.py","logger":"airflow.dag_processing.dagbag.BundleDagBag","filename":"dagbag.py","lineno":460}
{"timestamp":"2026-09-15T09:45:09.138356Z","level":"warning","event":"The `airflow.operators.bash.BashOperator` attribute is deprecated. Please use `'airflow.providers.standard.operators.bash.BashOperator'`.","category":"UserWarning","filename":"/opt/airflow/dags/bash_dag.py","lineno":2,"logger":"py.warnings"}
{"timestamp":"2026-09-15T09:45:39.320706Z","level":"info","event":"Filling up the DagBag from /opt/airflow/dags/bash_dag.py","logger":"airflow.dag_processing.dagbag.BundleDagBag","filename":"dagbag.py","lineno":460}
{"timestamp":"2026-09-15T09:45:39.448711Z","level":"warning","event":"The `airflow.operators.bash.BashOperator` attribute is deprecated. Please use `'airflow.providers.standard.operators.bash.BashOperator'`.","category":"UserWarning","filename":"/opt/airflow/dags/bash_dag.py","lineno":2,"logger":"py.warnings"}
{"timestamp":"2026-09-15T09:46:10.282844Z","level":"info","event":"Filling up the DagBag from /opt/airflow/dags/bash_dag.py","logger":"airflow.dag_processing.dagbag.BundleDagBag","filename":"dagbag.py","lineno":460}
{"timestamp":"2026-09-15T09:46:10.338392Z","level":"warning","event":"The `airflow.operators.bash.BashOperator` attribute is deprecated. Please use `'airflow.providers.standard.operators.bash.BashOperator'`.","category":"UserWarning","filename":"/opt/airflow/dags/bash_dag.py","lineno":2,"logger":"py.warnings"}
{"timestamp":"2026-09-15T09:46:40.458660Z","level":"info","event":"Filling up the DagBag from /opt/airflow/dags/bash_dag.py","logger":"airflow.dag_processing.dagbag.BundleDagBag","filename":"dagbag.py","lineno":460}
{"timestamp":"2026-09-15T09:46:40.517318Z","level":"warning","event":"The `airflow.operators.bash.BashOperator` attribute is deprecated. Please use `'airflow.providers.standard.operators.bash.BashOperator'`.","category":"UserWarning","filename":"/opt/airflow/dags/bash_dag.py","lineno":2,"logger":"py.warnings"}
{"timestamp":"2026-09-15T09:47:10.880823Z","level":"info","event":"Filling up the DagBag from /opt/airflow/dags/bash_dag.py","logger":"airflow.dag_processing.dagbag.BundleDagBag","filename":"dagbag.py","lineno":460}
{"timestamp":"2026-09-15T09:47:10.995812Z","level":"warning","event":"The `airflow.operators.bash.BashOperator` attribute is deprecated. Please use `'airflow.providers.standard.operators.bash.BashOperator'`.","category":"UserWarning","filename":"/opt/airflow/dags/bash_dag.py","lineno":2,"logger":"py.warnings"}
{"timestamp":"2026-09-15T09:47:41.349810Z","level":"info","event":"Filling up the DagBag from /opt/airflow/dags/bash_dag.py","logger":"airflow.dag_processing.dagbag.BundleDagBag","filename":"dagbag.py","lineno":460}
{"timestamp":"2026-09-15T09:47:41.404490Z","level":"warning","event":"The `airflow.operators.bash.BashOperator` attribute is deprecated. Please use `'airflow.providers.standard.operators.bash.BashOperator'`.","category":"UserWarning","filename":"/opt/airflow/dags/bash_dag.py","lineno":2,"logger":"py.warnings"}
{"timestamp":"2026-09-15T09:48:11.623865Z","level":"info","event":"Filling up the DagBag from /opt/airflow/dags/bash_dag.py","logger":"airflow.dag_processing.dagbag.BundleDagBag","filename":"dagbag.py","lineno":460}
{"timestamp":"2026-09-15T09:48:11.710592Z","level":"warning","event":"The `airflow.operators.bash.BashOperator` attribute is deprecated. Please use `'airflow.providers.standard.operators.bash.BashOperator'`.","category":"UserWarning","filename":"/opt/airflow/dags/bash_dag.py","lineno":2,"logger":"py.warnings"}
{"timestamp":"2026-09-15T09:48:42.208569Z","level":"info","event":"Filling up the DagBag from /opt/airflow/dags/bash_dag.py","logger":"airflow.dag_processing.dagbag.BundleDagBag","filename":"dagbag.py","lineno":460}
{"timestamp":"2026-09-15T09:48:42.302733Z","level":"warning","event":"The `airflow.operators.bash.BashOperator` attribute is deprecated. Please use `'airflow.providers.standard.operators.bash.BashOperator'`.","category":"UserWarning","filename":"/opt/airflow/dags/bash_dag.py","lineno":2,"logger":"py.warnings"}
{"timestamp":"2026-09-15T09:49:12.573862Z","level":"info","event":"Filling up the DagBag from /opt/airflow/dags/bash_dag.py","logger":"airflow.dag_processing.dagbag.BundleDagBag","filename":"dagbag.py","lineno":460}
{"timestamp":"2026-09-15T09:49:12.634082Z","level":"warning","event":"The `airflow.operators.bash.BashOperator` attribute is deprecated. Please use `'airflow.providers.standard.operators.bash.BashOperator'`.","category":"UserWarning","filename":"/opt/airflow/dags/bash_dag.py","lineno":2,"logger":"py.warnings"}
{"timestamp":"2026-09-15T09:49:42.953807Z","level":"info","event":"Filling up the DagBag from /opt/airflow/dags/bash_dag.py","logger":"airflow.dag_processing.dagbag.BundleDagBag","filename":"dagbag.py","lineno":460}
{"timestamp":"2026-09-15T09:49:43.024524Z","level":"warning","event":"The `airflow.operators.bash.BashOperator` attribute is deprecated. Please use `'airflow.providers.standard.operators.bash.BashOperator'`.","category":"UserWarning","filename":"/opt/airflow/dags/bash_dag.py","lineno":2,"logger":"py.warnings"}
{"timestamp":"2026-09-15T09:50:13.637422Z","level":"info","event":"Filling up the DagBag from /opt/airflow/dags/bash_dag.py","logger":"airflow.dag_processing.dagbag.BundleDagBag","filename":"dagbag.py","lineno":460}
{"timestamp":"2026-09-15T09:50:13.726210Z","level":"warning","event":"The `airflow.operators.bash.BashOperator` attribute is deprecated. Please use `'airflow.providers.standard.operators.bash.BashOperator'`.","category":"UserWarning","filename":"/opt/airflow/dags/bash_dag.py","lineno":2,"logger":"py.warnings"}
{"timestamp":"2026-09-15T09:50:44.193270Z","level":"info","event":"Filling up the DagBag from /opt/airflow/dags/bash_dag.py","logger":"airflow.dag_processing.dagbag.BundleDagBag","filename":"dagbag.py","lineno":460}
{"timestamp":"2026-09-15T09:50:44.259979Z","level":"warning","event":"The `airflow.operators.bash.BashOperator` attribute is deprecated. Please use `'airflow.providers.standard.operators.bash.BashOperator'`.","category":"UserWarning","filename":"/opt/airflow/dags/bash_dag.py","lineno":2,"logger":"py.warnings"}
{"timestamp":"2026-09-15T09:51:14.453699Z","level":"info","event":"Filling up the DagBag from /opt/airflow/dags/bash_dag.py","logger":"airflow.dag_processing.dagbag.BundleDagBag","filename":"dagbag.py","lineno":460}
{"timestamp":"2026-09-15T09:51:14.521513Z","level":"warning","event":"The `airflow.operators.bash.BashOperator` attribute is deprecated. Please use `'airflow.providers.standard.operators.bash.BashOperator'`.","category":"UserWarning","filename":"/opt/airflow/dags/bash_dag.py","lineno":2,"logger":"py.warnings"}
{"timestamp":"2026-09-15T09:51:45.023531Z","level":"info","event":"Filling up the DagBag from /opt/airflow/dags/bash_dag.py","logger":"airflow.dag_processing.dagbag.BundleDagBag","filename":"dagbag.py","lineno":460}
{"timestamp":"2026-09-15T09:51:45.079553Z","level":"warning","event":"The `airflow.operators.bash.BashOperator` attribute is deprecated. Please use `'airflow.providers.standard.operators.bash.BashOperator'`.","category":"UserWarning","filename":"/opt/airflow/dags/bash_dag.py","lineno":2,"logger":"py.warnings"}
{"timestamp":"2026-09-15T09:52:15.376376Z","level":"info","event":"Filling up the DagBag from /opt/airflow/dags/bash_dag.py","logger":"airflow.dag_processing.dagbag.BundleDagBag","filename":"dagbag.py","lineno":460}
{"timestamp":"2026-09-15T09:52:15.442862Z","level":"warning","event":"The `airflow.operators.bash.BashOperator` attribute is deprecated. Please use `'airflow.providers.standard.operators.bash.BashOperator'`.","category":"UserWarning","filename":"/opt/airflow/dags/bash_dag.py","lineno":2,"logger":"py.warnings"}
{"timestamp":"2026-09-15T09:52:45.762852Z","level":"info","event":"Filling up the DagBag from /opt/airflow/dags/bash_dag.py","logger":"airflow.dag_processing.dagbag.BundleDagBag","filename":"dagbag.py","lineno":460}
{"timestamp":"2026-09-15T09:52:45.823895Z","level":"warning","event":"The `airflow.operators.bash.BashOperator` attribute is deprecated. Please use `'airflow.providers.standard.operators.bash.BashOperator'`.","category":"UserWarning","filename":"/opt/airflow/dags/bash_dag.py","lineno":2,"logger":"py.warnings"}
{"timestamp":"2026-09-15T09:53:16.167090Z","level":"info","event":"Filling up the DagBag from /opt/airflow/dags/bash_dag.py","logger":"airflow.dag_processing.dagbag.BundleDagBag","filename":"dagbag.py","lineno":460}
{"timestamp":"2026-09-15T09:53:16.237365Z","level":"warning","event":"The `airflow.operators.bash.BashOperator` attribute is deprecated. Please use `'airflow.providers.standard.operators.bash.BashOperator'`.","category":"UserWarning","filename":"/opt/airflow/dags/bash_dag.py","lineno":2,"logger":"py.warnings"}
{"timestamp":"2026-09-15T09:53:46.520160Z","level":"info","event":"Filling up the DagBag from /opt/airflow/dags/bash_dag.py","logger":"airflow.dag_processing.dagbag.BundleDagBag","filename":"dagbag.py","lineno":460}
{"timestamp":"2026-09-15T09:53:46.577724Z","level":"warning","event":"The `airflow.operators.bash.BashOperator` attribute is deprecated. Please use `'airflow.providers.standard.operators.bash.BashOperator'`.","category":"UserWarning","filename":"/opt/airflow/dags/bash_dag.py","lineno":2,"logger":"py.warnings"}
{"timestamp":"2026-09-15T09:54:16.862978Z","level":"info","event":"Filling up the DagBag from /opt/airflow/dags/bash_dag.py","logger":"airflow.dag_processing.dagbag.BundleDagBag","filename":"dagbag.py","lineno":460}
{"timestamp":"2026-09-15T09:54:16.936911Z","level":"warning","event":"The `airflow.operators.bash.BashOperator` attribute is deprecated. Please use `'airflow.providers.standard.operators.bash.BashOperator'`.","category":"UserWarning","filename":"/opt/airflow/dags/bash_dag.py","lineno":2,"logger":"py.warnings"}
{"timestamp":"2026-09-15T09:54:47.263240Z","level":"info","event":"Filling up the DagBag from /opt/airflow/dags/bash_dag.py","logger":"airflow.dag_processing.dagbag.BundleDagBag","filename":"dagbag.py","lineno":460}
{"timestamp":"2026-09-15T09:54:47.325316Z","level":"warning","event":"The `airflow.operators.bash.BashOperator` attribute is deprecated. Please use `'airflow.providers.standard.operators.bash.BashOperator'`.","category":"UserWarning","filename":"/opt/airflow/dags/bash_dag.py","lineno":2,"logger":"py.warnings"}
{"timestamp":"2026-09-15T09:55:17.631090Z","level":"info","event":"Filling up the DagBag from /opt/airflow/dags/bash_dag.py","logger":"airflow.dag_processing.dagbag.BundleDagBag","filename":"dagbag.py","lineno":460}
{"timestamp":"2026-09-15T09:55:17.696050Z","level":"warning","event":"The `airflow.operators.bash.BashOperator` attribute is deprecated. Please use `'airflow.providers.standard.operators.bash.BashOperator'`.","category":"UserWarning","filename":"/opt/airflow/dags/bash_dag.py","lineno":2,"logger":"py.warnings"}
{"timestamp":"2026-09-15T09:55:48.079349Z","level":"info","event":"Filling up the DagBag from /opt/airflow/dags/bash_dag.py","logger":"airflow.dag_processing.dagbag.BundleDagBag","filename":"dagbag.py","lineno":460}
{"timestamp":"2026-09-15T09:55:48.172460Z","level":"warning","event":"The `airflow.operators.bash.BashOperator` attribute is deprecated. Please use `'airflow.providers.standard.operators.bash.BashOperator'`.","category":"UserWarning","filename":"/opt/airflow/dags/bash_dag.py","lineno":2,"logger":"py.warnings"}
{"timestamp":"2026-09-15T09:56:18.694169Z","level":"info","event":"Filling up the DagBag from /opt/airflow/dags/bash_dag.py","logger":"airflow.dag_processing.dagbag.BundleDagBag","filename":"dagbag.py","lineno":460}
{"timestamp":"2026-09-15T09:56:18.765979Z","level":"warning","event":"The `airflow.operators.bash.BashOperator` attribute is deprecated. Please use `'airflow.providers.standard.operators.bash.BashOperator'`.","category":"UserWarning","filename":"/opt/airflow/dags/bash_dag.py","lineno":2,"logger":"py.warnings"}
{"timestamp":"2026-09-15T09:56:49.258041Z","level":"info","event":"Filling up the DagBag from /opt/airflow/dags/bash_dag.py","logger":"airflow.dag_processing.dagbag.BundleDagBag","filename":"dagbag.py","lineno":460}
{"timestamp":"2026-09-15T09:56:49.316888Z","level":"warning","event":"The `airflow.operators.bash.BashOperator` attribute is deprecated. Please use `'airflow.providers.standard.operators.bash.BashOperator'`.","category":"UserWarning","filename":"/opt/airflow/dags/bash_dag.py","lineno":2,"logger":"py.warnings"}
{"timestamp":"2026-09-15T09:57:19.734001Z","level":"info","event":"Filling up the DagBag from /opt/airflow/dags/bash_dag.py","logger":"airflow.dag_processing.dagbag.BundleDagBag","filename":"dagbag.py","lineno":460}
{"timestamp":"2026-09-15T09:57:19.796253Z","level":"warning","event":"The `airflow.operators.bash.BashOperator` attribute is deprecated. Please use `'airflow.providers.standard.operators.bash.BashOperator'`.","category":"UserWarning","filename":"/opt/airflow/dags/bash_dag.py","lineno":2,"logger":"py.warnings"}
{"timestamp":"2026-09-15T14:07:01.320015Z","level":"info","event":"Filling up the DagBag from /opt/airflow/dags/bash_dag.py","logger":"airflow.dag_processing.dagbag.BundleDagBag","filename":"dagbag.py","lineno":460}
{"timestamp":"2026-09-15T14:07:01.584552Z","level":"warning","event":"The `airflow.operators.bash.BashOperator` attribute is deprecated. Please use `'airflow.providers.standard.operators.bash.BashOperator'`.","category":"UserWarning","filename":"/opt/airflow/dags/bash_dag.py","lineno":2,"logger":"py.warnings"}
{"timestamp":"2026-09-15T14:07:32.123434Z","level":"info","event":"Filling up the DagBag from /opt/airflow/dags/bash_dag.py","logger":"airflow.dag_processing.dagbag.BundleDagBag","filename":"dagbag.py","lineno":460}
{"timestamp":"2026-09-15T14:07:32.385334Z","level":"warning","event":"The `airflow.operators.bash.BashOperator` attribute is deprecated. Please use `'airflow.providers.standard.operators.bash.BashOperator'`.","category":"UserWarning","filename":"/opt/airflow/dags/bash_dag.py","lineno":2,"logger":"py.warnings"}
{"timestamp":"2026-09-15T14:08:04.060645Z","level":"info","event":"Filling up the DagBag from /opt/airflow/dags/bash_dag.py","logger":"airflow.dag_processing.dagbag.BundleDagBag","filename":"dagbag.py","lineno":460}
{"timestamp":"2026-09-15T14:08:04.410951Z","level":"warning","event":"The `airflow.operators.bash.BashOperator` attribute is deprecated. Please use `'airflow.providers.standard.operators.bash.BashOperator'`.","category":"UserWarning","filename":"/opt/airflow/dags/bash_dag.py","lineno":2,"logger":"py.warnings"}
{"timestamp":"2026-09-15T14:08:34.863182Z","level":"info","event":"Filling up the DagBag from /opt/airflow/dags/bash_dag.py","logger":"airflow.dag_processing.dagbag.BundleDagBag","filename":"dagbag.py","lineno":460}
{"timestamp":"2026-09-15T14:08:35.049931Z","level":"warning","event":"The `airflow.operators.bash.BashOperator` attribute is deprecated. Please use `'airflow.providers.standard.operators.bash.BashOperator'`.","category":"UserWarning","filename":"/opt/airflow/dags/bash_dag.py","lineno":2,"logger":"py.warnings"}
{"timestamp":"2026-09-15T14:09:05.404885Z","level":"info","event":"Filling up the DagBag from /opt/airflow/dags/bash_dag.py","logger":"airflow.dag_processing.dagbag.BundleDagBag","filename":"dagbag.py","lineno":460}
{"timestamp":"2026-09-15T14:09:05.564900Z","level":"warning","event":"The `airflow.operators.bash.BashOperator` attribute is deprecated. Please use `'airflow.providers.standard.operators.bash.BashOperator'`.","category":"UserWarning","filename":"/opt/airflow/dags/bash_dag.py","lineno":2,"logger":"py.warnings"}
{"timestamp":"2026-09-15T14:09:36.641603Z","level":"info","event":"Filling up the DagBag from /opt/airflow/dags/bash_dag.py","logger":"airflow.dag_processing.dagbag.BundleDagBag","filename":"dagbag.py","lineno":460}
{"timestamp":"2026-09-15T14:09:36.811807Z","level":"warning","event":"The `airflow.operators.bash.BashOperator` attribute is deprecated. Please use `'airflow.providers.standard.operators.bash.BashOperator'`.","category":"UserWarning","filename":"/opt/airflow/dags/bash_dag.py","lineno":2,"logger":"py.warnings"}
{"timestamp":"2026-09-15T14:10:07.239244Z","level":"info","event":"Filling up the DagBag from /opt/airflow/dags/bash_dag.py","logger":"airflow.dag_processing.dagbag.BundleDagBag","filename":"dagbag.py","lineno":460}
{"timestamp":"2026-09-15T14:10:07.401151Z","level":"warning","event":"The `airflow.operators.bash.BashOperator` attribute is deprecated. Please use `'airflow.providers.standard.operators.bash.BashOperator'`.","category":"UserWarning","filename":"/opt/airflow/dags/bash_dag.py","lineno":2,"logger":"py.warnings"}
{"timestamp":"2026-09-15T14:10:38.303266Z","level":"info","event":"Filling up the DagBag from /opt/airflow/dags/bash_dag.py","logger":"airflow.dag_processing.dagbag.BundleDagBag","filename":"dagbag.py","lineno":460}
{"timestamp":"2026-09-15T14:10:38.436781Z","level":"warning","event":"The `airflow.operators.bash.BashOperator` attribute is deprecated. Please use `'airflow.providers.standard.operators.bash.BashOperator'`.","category":"UserWarning","filename":"/opt/airflow/dags/bash_dag.py","lineno":2,"logger":"py.warnings"}
{"timestamp":"2026-09-15T14:11:09.013597Z","level":"info","event":"Filling up the DagBag from /opt/airflow/dags/bash_dag.py","logger":"airflow.dag_processing.dagbag.BundleDagBag","filename":"dagbag.py","lineno":460}
{"timestamp":"2026-09-15T14:11:09.111046Z","level":"warning","event":"The `airflow.operators.bash.BashOperator` attribute is deprecated. Please use `'airflow.providers.standard.operators.bash.BashOperator'`.","category":"UserWarning","filename":"/opt/airflow/dags/bash_dag.py","lineno":2,"logger":"py.warnings"}
{"timestamp":"2026-09-15T14:11:39.773527Z","level":"info","event":"Filling up the DagBag from /opt/airflow/dags/bash_dag.py","logger":"airflow.dag_processing.dagbag.BundleDagBag","filename":"dagbag.py","lineno":460}
{"timestamp":"2026-09-15T14:11:39.886654Z","level":"warning","event":"The `airflow.operators.bash.BashOperator` attribute is deprecated. Please use `'airflow.providers.standard.operators.bash.BashOperator'`.","category":"UserWarning","filename":"/opt/airflow/dags/bash_dag.py","lineno":2,"logger":"py.warnings"}
{"timestamp":"2026-09-15T14:12:10.792656Z","level":"info","event":"Filling up the DagBag from /opt/airflow/dags/bash_dag.py","logger":"airflow.dag_processing.dagbag.BundleDagBag","filename":"dagbag.py","lineno":460}
{"timestamp":"2026-09-15T14:12:10.927594Z","level":"warning","event":"The `airflow.operators.bash.BashOperator` attribute is deprecated. Please use `'airflow.providers.standard.operators.bash.BashOperator'`.","category":"UserWarning","filename":"/opt/airflow/dags/bash_dag.py","lineno":2,"logger":"py.warnings"}
{"timestamp":"2026-09-15T14:12:41.331371Z","level":"info","event":"Filling up the DagBag from /opt/airflow/dags/bash_dag.py","logger":"airflow.dag_processing.dagbag.BundleDagBag","filename":"dagbag.py","lineno":460}
{"timestamp":"2026-09-15T14:12:41.597750Z","level":"warning","event":"The `airflow.operators.bash.BashOperator` attribute is deprecated. Please use `'airflow.providers.standard.operators.bash.BashOperator'`.","category":"UserWarning","filename":"/opt/airflow/dags/bash_dag.py","lineno":2,"logger":"py.warnings"}
{"timestamp":"2026-09-15T14:13:11.976202Z","level":"info","event":"Filling up the DagBag from /opt/airflow/dags/bash_dag.py","logger":"airflow.dag_processing.dagbag.BundleDagBag","filename":"dagbag.py","lineno":460}
{"timestamp":"2026-09-15T14:13:12.110476Z","level":"warning","event":"The `airflow.operators.bash.BashOperator` attribute is deprecated. Please use `'airflow.providers.standard.operators.bash.BashOperator'`.","category":"UserWarning","filename":"/opt/airflow/dags/bash_dag.py","lineno":2,"logger":"py.warnings"}
{"timestamp":"2026-09-15T14:13:42.814849Z","level":"info","event":"Filling up the DagBag from /opt/airflow/dags/bash_dag.py","logger":"airflow.dag_processing.dagbag.BundleDagBag","filename":"dagbag.py","lineno":460}
{"timestamp":"2026-09-15T14:13:42.926771Z","level":"warning","event":"The `airflow.operators.bash.BashOperator` attribute is deprecated. Please use `'airflow.providers.standard.operators.bash.BashOperator'`.","category":"UserWarning","filename":"/opt/airflow/dags/bash_dag.py","lineno":2,"logger":"py.warnings"}
{"timestamp":"2026-09-15T14:14:13.578039Z","level":"info","event":"Filling up the DagBag from /opt/airflow/dags/bash_dag.py","logger":"airflow.dag_processing.dagbag.BundleDagBag","filename":"dagbag.py","lineno":460}
{"timestamp":"2026-09-15T14:14:13.673998Z","level":"warning","event":"The `airflow.operators.bash.BashOperator` attribute is deprecated. Please use `'airflow.providers.standard.operators.bash.BashOperator'`.","category":"UserWarning","filename":"/opt/airflow/dags/bash_dag.py","lineno":2,"logger":"py.warnings"}
{"timestamp":"2026-09-15T14:14:44.356089Z","level":"info","event":"Filling up the DagBag from /opt/airflow/dags/bash_dag.py","logger":"airflow.dag_processing.dagbag.BundleDagBag","filename":"dagbag.py","lineno":460}
{"timestamp":"2026-09-15T14:14:44.486301Z","level":"warning","event":"The `airflow.operators.bash.BashOperator` attribute is deprecated. Please use `'airflow.providers.standard.operators.bash.BashOperator'`.","category":"UserWarning","filename":"/opt/airflow/dags/bash_dag.py","lineno":2,"logger":"py.warnings"}
{"timestamp":"2026-09-15T14:15:15.219087Z","level":"info","event":"Filling up the DagBag from /opt/airflow/dags/bash_dag.py","logger":"airflow.dag_processing.dagbag.BundleDagBag","filename":"dagbag.py","lineno":460}
{"timestamp":"2026-09-15T14:15:15.328252Z","level":"warning","event":"The `airflow.operators.bash.BashOperator` attribute is deprecated. Please use `'airflow.providers.standard.operators.bash.BashOperator'`.","category":"UserWarning","filename":"/opt/airflow/dags/bash_dag.py","lineno":2,"logger":"py.warnings"}
{"timestamp":"2026-09-15T14:15:46.232717Z","level":"info","event":"Filling up the DagBag from /opt/airflow/dags/bash_dag.py","logger":"airflow.dag_processing.dagbag.BundleDagBag","filename":"dagbag.py","lineno":460}
{"timestamp":"2026-09-15T14:15:46.353758Z","level":"warning","event":"The `airflow.operators.bash.BashOperator` attribute is deprecated. Please use `'airflow.providers.standard.operators.bash.BashOperator'`.","category":"UserWarning","filename":"/opt/airflow/dags/bash_dag.py","lineno":2,"logger":"py.warnings"}
{"timestamp":"2026-09-15T14:16:17.026025Z","level":"info","event":"Filling up the DagBag from /opt/airflow/dags/bash_dag.py","logger":"airflow.dag_processing.dagbag.BundleDagBag","filename":"dagbag.py","lineno":460}
{"timestamp":"2026-09-15T14:16:17.154302Z","level":"warning","event":"The `airflow.operators.bash.BashOperator` attribute is deprecated. Please use `'airflow.providers.standard.operators.bash.BashOperator'`.","category":"UserWarning","filename":"/opt/airflow/dags/bash_dag.py","lineno":2,"logger":"py.warnings"}
{"timestamp":"2026-09-15T14:16:47.791878Z","level":"info","event":"Filling up the DagBag from /opt/airflow/dags/bash_dag.py","logger":"airflow.dag_processing.dagbag.BundleDagBag","filename":"dagbag.py","lineno":460}
{"timestamp":"2026-09-15T14:16:47.910615Z","level":"warning","event":"The `airflow.operators.bash.BashOperator` attribute is deprecated. Please use `'airflow.providers.standard.operators.bash.BashOperator'`.","category":"UserWarning","filename":"/opt/airflow/dags/bash_dag.py","lineno":2,"logger":"py.warnings"}
{"timestamp":"2026-09-15T14:17:18.450485Z","level":"info","event":"Filling up the DagBag from /opt/airflow/dags/bash_dag.py","logger":"airflow.dag_processing.dagbag.BundleDagBag","filename":"dagbag.py","lineno":460}
{"timestamp":"2026-09-15T14:17:18.556746Z","level":"warning","event":"The `airflow.operators.bash.BashOperator` attribute is deprecated. Please use `'airflow.providers.standard.operators.bash.BashOperator'`.","category":"UserWarning","filename":"/opt/airflow/dags/bash_dag.py","lineno":2,"logger":"py.warnings"}
{"timestamp":"2026-09-15T14:17:49.343550Z","level":"info","event":"Filling up the DagBag from /opt/airflow/dags/bash_dag.py","logger":"airflow.dag_processing.dagbag.BundleDagBag","filename":"dagbag.py","lineno":460}
{"timestamp":"2026-09-15T14:17:49.462130Z","level":"warning","event":"The `airflow.operators.bash.BashOperator` attribute is deprecated. Please use `'airflow.providers.standard.operators.bash.BashOperator'`.","category":"UserWarning","filename":"/opt/airflow/dags/bash_dag.py","lineno":2,"logger":"py.warnings"}
{"timestamp":"2026-09-15T14:18:20.327767Z","level":"info","event":"Filling up the DagBag from /opt/airflow/dags/bash_dag.py","logger":"airflow.dag_processing.dagbag.BundleDagBag","filename":"dagbag.py","lineno":460}
{"timestamp":"2026-09-15T14:18:20.476796Z","level":"warning","event":"The `airflow.operators.bash.BashOperator` attribute is deprecated. Please use `'airflow.providers.standard.operators.bash.BashOperator'`.","category":"UserWarning","filename":"/opt/airflow/dags/bash_dag.py","lineno":2,"logger":"py.warnings"}
{"timestamp":"2026-09-15T14:18:51.155486Z","level":"info","event":"Filling up the DagBag from /opt/airflow/dags/bash_dag.py","logger":"airflow.dag_processing.dagbag.BundleDagBag","filename":"dagbag.py","lineno":460}
{"timestamp":"2026-09-15T14:18:51.252760Z","level":"warning","event":"The `airflow.operators.bash.BashOperator` attribute is deprecated. Please use `'airflow.providers.standard.operators.bash.BashOperator'`.","category":"UserWarning","filename":"/opt/airflow/dags/bash_dag.py","lineno":2,"logger":"py.warnings"}
{"timestamp":"2026-09-15T14:19:21.914449Z","level":"info","event":"Filling up the DagBag from /opt/airflow/dags/bash_dag.py","logger":"airflow.dag_processing.dagbag.BundleDagBag","filename":"dagbag.py","lineno":460}
{"timestamp":"2026-09-15T14:19:22.022721Z","level":"warning","event":"The `airflow.operators.bash.BashOperator` attribute is deprecated. Please use `'airflow.providers.standard.operators.bash.BashOperator'`.","category":"UserWarning","filename":"/opt/airflow/dags/bash_dag.py","lineno":2,"logger":"py.warnings"}
{"timestamp":"2026-09-15T14:19:52.672443Z","level":"info","event":"Filling up the DagBag from /opt/airflow/dags/bash_dag.py","logger":"airflow.dag_processing.dagbag.BundleDagBag","filename":"dagbag.py","lineno":460}
{"timestamp":"2026-09-15T14:19:52.804586Z","level":"warning","event":"The `airflow.operators.bash.BashOperator` attribute is deprecated. Please use `'airflow.providers.standard.operators.bash.BashOperator'`.","category":"UserWarning","filename":"/opt/airflow/dags/bash_dag.py","lineno":2,"logger":"py.warnings"}
{"timestamp":"2026-09-15T14:20:23.833952Z","level":"info","event":"Filling up the DagBag from /opt/airflow/dags/bash_dag.py","logger":"airflow.dag_processing.dagbag.BundleDagBag","filename":"dagbag.py","lineno":460}
{"timestamp":"2026-09-15T14:20:23.975103Z","level":"warning","event":"The `airflow.operators.bash.BashOperator` attribute is deprecated. Please use `'airflow.providers.standard.operators.bash.BashOperator'`.","category":"UserWarning","filename":"/opt/airflow/dags/bash_dag.py","lineno":2,"logger":"py.warnings"}
{"timestamp":"2026-09-15T14:20:55.019726Z","level":"info","event":"Filling up the DagBag from /opt/airflow/dags/bash_dag.py","logger":"airflow.dag_processing.dagbag.BundleDagBag","filename":"dagbag.py","lineno":460}
{"timestamp":"2026-09-15T14:20:55.257211Z","level":"warning","event":"The `airflow.operators.bash.BashOperator` attribute is deprecated. Please use `'airflow.providers.standard.operators.bash.BashOperator'`.","category":"UserWarning","filename":"/opt/airflow/dags/bash_dag.py","lineno":2,"logger":"py.warnings"}
{"timestamp":"2026-09-15T14:21:25.599803Z","level":"info","event":"Filling up the DagBag from /opt/airflow/dags/bash_dag.py","logger":"airflow.dag_processing.dagbag.BundleDagBag","filename":"dagbag.py","lineno":460}
{"timestamp":"2026-09-15T14:21:25.709599Z","level":"warning","event":"The `airflow.operators.bash.BashOperator` attribute is deprecated. Please use `'airflow.providers.standard.operators.bash.BashOperator'`.","category":"UserWarning","filename":"/opt/airflow/dags/bash_dag.py","lineno":2,"logger":"py.warnings"}
{"timestamp":"2026-09-15T14:21:55.991117Z","level":"info","event":"Filling up the DagBag from /opt/airflow/dags/bash_dag.py","logger":"airflow.dag_processing.dagbag.BundleDagBag","filename":"dagbag.py","lineno":460}
{"timestamp":"2026-09-15T14:21:56.203497Z","level":"warning","event":"The `airflow.operators.bash.BashOperator` attribute is deprecated. Please use `'airflow.providers.standard.operators.bash.BashOperator'`.","category":"UserWarning","filename":"/opt/airflow/dags/bash_dag.py","lineno":2,"logger":"py.warnings"}
{"timestamp":"2026-09-15T14:22:27.060765Z","level":"info","event":"Filling up the DagBag from /opt/airflow/dags/bash_dag.py","logger":"airflow.dag_processing.dagbag.BundleDagBag","filename":"dagbag.py","lineno":460}
{"timestamp":"2026-09-15T14:22:27.207041Z","level":"warning","event":"The `airflow.operators.bash.BashOperator` attribute is deprecated. Please use `'airflow.providers.standard.operators.bash.BashOperator'`.","category":"UserWarning","filename":"/opt/airflow/dags/bash_dag.py","lineno":2,"logger":"py.warnings"}
{"timestamp":"2026-09-15T14:22:58.101787Z","level":"info","event":"Filling up the DagBag from /opt/airflow/dags/bash_dag.py","logger":"airflow.dag_processing.dagbag.BundleDagBag","filename":"dagbag.py","lineno":460}
{"timestamp":"2026-09-15T14:22:58.200100Z","level":"warning","event":"The `airflow.operators.bash.BashOperator` attribute is deprecated. Please use `'airflow.providers.standard.operators.bash.BashOperator'`.","category":"UserWarning","filename":"/opt/airflow/dags/bash_dag.py","lineno":2,"logger":"py.warnings"}
{"timestamp":"2026-09-15T14:23:28.932083Z","level":"info","event":"Filling up the DagBag from /opt/airflow/dags/bash_dag.py","logger":"airflow.dag_processing.dagbag.BundleDagBag","filename":"dagbag.py","lineno":460}
{"timestamp":"2026-09-15T14:23:29.061072Z","level":"warning","event":"The `airflow.operators.bash.BashOperator` attribute is deprecated. Please use `'airflow.providers.standard.operators.bash.BashOperator'`.","category":"UserWarning","filename":"/opt/airflow/dags/bash_dag.py","lineno":2,"logger":"py.warnings"}
{"timestamp":"2026-09-15T14:23:59.390468Z","level":"info","event":"Filling up the DagBag from /opt/airflow/dags/bash_dag.py","logger":"airflow.dag_processing.dagbag.BundleDagBag","filename":"dagbag.py","lineno":460}
{"timestamp":"2026-09-15T14:23:59.504101Z","level":"warning","event":"The `airflow.operators.bash.BashOperator` attribute is deprecated. Please use `'airflow.providers.standard.operators.bash.BashOperator'`.","category":"UserWarning","filename":"/opt/airflow/dags/bash_dag.py","lineno":2,"logger":"py.warnings"}
{"timestamp":"2026-09-15T14:24:29.828656Z","level":"info","event":"Filling up the DagBag from /opt/airflow/dags/bash_dag.py","logger":"airflow.dag_processing.dagbag.BundleDagBag","filename":"dagbag.py","lineno":460}
{"timestamp":"2026-09-15T14:24:29.982491Z","level":"warning","event":"The `airflow.operators.bash.BashOperator` attribute is deprecated. Please use `'airflow.providers.standard.operators.bash.BashOperator'`.","category":"UserWarning","filename":"/opt/airflow/dags/bash_dag.py","lineno":2,"logger":"py.warnings"}
{"timestamp":"2026-09-15T14:25:00.690554Z","level":"info","event":"Filling up the DagBag from /opt/airflow/dags/bash_dag.py","logger":"airflow.dag_processing.dagbag.BundleDagBag","filename":"dagbag.py","lineno":460}
{"timestamp":"2026-09-15T14:25:00.795997Z","level":"warning","event":"The `airflow.operators.bash.BashOperator` attribute is deprecated. Please use `'airflow.providers.standard.operators.bash.BashOperator'`.","category":"UserWarning","filename":"/opt/airflow/dags/bash_dag.py","lineno":2,"logger":"py.warnings"}
{"timestamp":"2026-09-15T14:25:31.647141Z","level":"info","event":"Filling up the DagBag from /opt/airflow/dags/bash_dag.py","logger":"airflow.dag_processing.dagbag.BundleDagBag","filename":"dagbag.py","lineno":460}
{"timestamp":"2026-09-15T14:25:31.748259Z","level":"warning","event":"The `airflow.operators.bash.BashOperator` attribute is deprecated. Please use `'airflow.providers.standard.operators.bash.BashOperator'`.","category":"UserWarning","filename":"/opt/airflow/dags/bash_dag.py","lineno":2,"logger":"py.warnings"}
{"timestamp":"2026-09-15T14:26:02.471450Z","level":"info","event":"Filling up the DagBag from /opt/airflow/dags/bash_dag.py","logger":"airflow.dag_processing.dagbag.BundleDagBag","filename":"dagbag.py","lineno":460}
{"timestamp":"2026-09-15T14:26:02.585311Z","level":"warning","event":"The `airflow.operators.bash.BashOperator` attribute is deprecated. Please use `'airflow.providers.standard.operators.bash.BashOperator'`.","category":"UserWarning","filename":"/opt/airflow/dags/bash_dag.py","lineno":2,"logger":"py.warnings"}
{"timestamp":"2026-09-15T14:26:33.006449Z","level":"info","event":"Filling up the DagBag from /opt/airflow/dags/bash_dag.py","logger":"airflow.dag_processing.dagbag.BundleDagBag","filename":"dagbag.py","lineno":460}
{"timestamp":"2026-09-15T14:26:33.131103Z","level":"warning","event":"The `airflow.operators.bash.BashOperator` attribute is deprecated. Please use `'airflow.providers.standard.operators.bash.BashOperator'`.","category":"UserWarning","filename":"/opt/airflow/dags/bash_dag.py","lineno":2,"logger":"py.warnings"}
{"timestamp":"2026-09-15T14:27:03.604068Z","level":"info","event":"Filling up the DagBag from /opt/airflow/dags/bash_dag.py","logger":"airflow.dag_processing.dagbag.BundleDagBag","filename":"dagbag.py","lineno":460}
{"timestamp":"2026-09-15T14:27:03.711747Z","level":"warning","event":"The `airflow.operators.bash.BashOperator` attribute is deprecated. Please use `'airflow.providers.standard.operators.bash.BashOperator'`.","category":"UserWarning","filename":"/opt/airflow/dags/bash_dag.py","lineno":2,"logger":"py.warnings"}
{"timestamp":"2026-09-15T14:27:34.308362Z","level":"info","event":"Filling up the DagBag from /opt/airflow/dags/bash_dag.py","logger":"airflow.dag_processing.dagbag.BundleDagBag","filename":"dagbag.py","lineno":460}
{"timestamp":"2026-09-15T14:27:34.411842Z","level":"warning","event":"The `airflow.operators.bash.BashOperator` attribute is deprecated. Please use `'airflow.providers.standard.operators.bash.BashOperator'`.","category":"UserWarning","filename":"/opt/airflow/dags/bash_dag.py","lineno":2,"logger":"py.warnings"}
{"timestamp":"2026-09-15T14:28:05.195573Z","level":"info","event":"Filling up the DagBag from /opt/airflow/dags/bash_dag.py","logger":"airflow.dag_processing.dagbag.BundleDagBag","filename":"dagbag.py","lineno":460}
{"timestamp":"2026-09-15T14:28:05.318101Z","level":"warning","event":"The `airflow.operators.bash.BashOperator` attribute is deprecated. Please use `'airflow.providers.standard.operators.bash.BashOperator'`.","category":"UserWarning","filename":"/opt/airflow/dags/bash_dag.py","lineno":2,"logger":"py.warnings"}
{"timestamp":"2026-09-15T14:28:36.343521Z","level":"info","event":"Filling up the DagBag from /opt/airflow/dags/bash_dag.py","logger":"airflow.dag_processing.dagbag.BundleDagBag","filename":"dagbag.py","lineno":460}
{"timestamp":"2026-09-15T14:28:36.485286Z","level":"warning","event":"The `airflow.operators.bash.BashOperator` attribute is deprecated. Please use `'airflow.providers.standard.operators.bash.BashOperator'`.","category":"UserWarning","filename":"/opt/airflow/dags/bash_dag.py","lineno":2,"logger":"py.warnings"}
{"timestamp":"2026-09-15T14:29:07.081821Z","level":"info","event":"Filling up the DagBag from /opt/airflow/dags/bash_dag.py","logger":"airflow.dag_processing.dagbag.BundleDagBag","filename":"dagbag.py","lineno":460}
{"timestamp":"2026-09-15T14:29:07.191866Z","level":"warning","event":"The `airflow.operators.bash.BashOperator` attribute is deprecated. Please use `'airflow.providers.standard.operators.bash.BashOperator'`.","category":"UserWarning","filename":"/opt/airflow/dags/bash_dag.py","lineno":2,"logger":"py.warnings"}
{"timestamp":"2026-09-15T14:29:37.654382Z","level":"info","event":"Filling up the DagBag from /opt/airflow/dags/bash_dag.py","logger":"airflow.dag_processing.dagbag.BundleDagBag","filename":"dagbag.py","lineno":460}
{"timestamp":"2026-09-15T14:29:37.735783Z","level":"warning","event":"The `airflow.operators.bash.BashOperator` attribute is deprecated. Please use `'airflow.providers.standard.operators.bash.BashOperator'`.","category":"UserWarning","filename":"/opt/airflow/dags/bash_dag.py","lineno":2,"logger":"py.warnings"}
{"timestamp":"2026-09-15T14:30:08.315518Z","level":"info","event":"Filling up the DagBag from /opt/airflow/dags/bash_dag.py","logger":"airflow.dag_processing.dagbag.BundleDagBag","filename":"dagbag.py","lineno":460}
{"timestamp":"2026-09-15T14:30:08.431002Z","level":"warning","event":"The `airflow.operators.bash.BashOperator` attribute is deprecated. Please use `'airflow.providers.standard.operators.bash.BashOperator'`.","category":"UserWarning","filename":"/opt/airflow/dags/bash_dag.py","lineno":2,"logger":"py.warnings"}
{"timestamp":"2026-09-15T14:30:39.564184Z","level":"info","event":"Filling up the DagBag from /opt/airflow/dags/bash_dag.py","logger":"airflow.dag_processing.dagbag.BundleDagBag","filename":"dagbag.py","lineno":460}
{"timestamp":"2026-09-15T14:30:39.708299Z","level":"warning","event":"The `airflow.operators.bash.BashOperator` attribute is deprecated. Please use `'airflow.providers.standard.operators.bash.BashOperator'`.","category":"UserWarning","filename":"/opt/airflow/dags/bash_dag.py","lineno":2,"logger":"py.warnings"}
{"timestamp":"2026-09-15T14:31:10.303362Z","level":"info","event":"Filling up the DagBag from /opt/airflow/dags/bash_dag.py","logger":"airflow.dag_processing.dagbag.BundleDagBag","filename":"dagbag.py","lineno":460}
{"timestamp":"2026-09-15T14:31:10.513418Z","level":"warning","event":"The `airflow.operators.bash.BashOperator` attribute is deprecated. Please use `'airflow.providers.standard.operators.bash.BashOperator'`.","category":"UserWarning","filename":"/opt/airflow/dags/bash_dag.py","lineno":2,"logger":"py.warnings"}
{"timestamp":"2026-09-15T14:31:41.581743Z","level":"info","event":"Filling up the DagBag from /opt/airflow/dags/bash_dag.py","logger":"airflow.dag_processing.dagbag.BundleDagBag","filename":"dagbag.py","lineno":460}
{"timestamp":"2026-09-15T14:31:41.870726Z","level":"warning","event":"The `airflow.operators.bash.BashOperator` attribute is deprecated. Please use `'airflow.providers.standard.operators.bash.BashOperator'`.","category":"UserWarning","filename":"/opt/airflow/dags/bash_dag.py","lineno":2,"logger":"py.warnings"}
{"timestamp":"2026-09-15T14:32:12.632002Z","level":"info","event":"Filling up the DagBag from /opt/airflow/dags/bash_dag.py","logger":"airflow.dag_processing.dagbag.BundleDagBag","filename":"dagbag.py","lineno":460}
{"timestamp":"2026-09-15T14:32:12.761278Z","level":"warning","event":"The `airflow.operators.bash.BashOperator` attribute is deprecated. Please use `'airflow.providers.standard.operators.bash.BashOperator'`.","category":"UserWarning","filename":"/opt/airflow/dags/bash_dag.py","lineno":2,"logger":"py.warnings"}
{"timestamp":"2026-09-15T14:32:43.116765Z","level":"info","event":"Filling up the DagBag from /opt/airflow/dags/bash_dag.py","logger":"airflow.dag_processing.dagbag.BundleDagBag","filename":"dagbag.py","lineno":460}
{"timestamp":"2026-09-15T14:32:43.299281Z","level":"warning","event":"The `airflow.operators.bash.BashOperator` attribute is deprecated. Please use `'airflow.providers.standard.operators.bash.BashOperator'`.","category":"UserWarning","filename":"/opt/airflow/dags/bash_dag.py","lineno":2,"logger":"py.warnings"}
{"timestamp":"2026-09-15T14:33:14.026189Z","level":"info","event":"Filling up the DagBag from /opt/airflow/dags/bash_dag.py","logger":"airflow.dag_processing.dagbag.BundleDagBag","filename":"dagbag.py","lineno":460}
{"timestamp":"2026-09-15T14:33:14.163394Z","level":"warning","event":"The `airflow.operators.bash.BashOperator` attribute is deprecated. Please use `'airflow.providers.standard.operators.bash.BashOperator'`.","category":"UserWarning","filename":"/opt/airflow/dags/bash_dag.py","lineno":2,"logger":"py.warnings"}
{"timestamp":"2026-09-15T14:33:44.780478Z","level":"info","event":"Filling up the DagBag from /opt/airflow/dags/bash_dag.py","logger":"airflow.dag_processing.dagbag.BundleDagBag","filename":"dagbag.py","lineno":460}
{"timestamp":"2026-09-15T14:33:44.934989Z","level":"warning","event":"The `airflow.operators.bash.BashOperator` attribute is deprecated. Please use `'airflow.providers.standard.operators.bash.BashOperator'`.","category":"UserWarning","filename":"/opt/airflow/dags/bash_dag.py","lineno":2,"logger":"py.warnings"}
{"timestamp":"2026-09-15T14:34:15.358753Z","level":"info","event":"Filling up the DagBag from /opt/airflow/dags/bash_dag.py","logger":"airflow.dag_processing.dagbag.BundleDagBag","filename":"dagbag.py","lineno":460}
{"timestamp":"2026-09-15T14:34:15.504910Z","level":"warning","event":"The `airflow.operators.bash.BashOperator` attribute is deprecated. Please use `'airflow.providers.standard.operators.bash.BashOperator'`.","category":"UserWarning","filename":"/opt/airflow/dags/bash_dag.py","lineno":2,"logger":"py.warnings"}
{"timestamp":"2026-09-15T14:34:45.971464Z","level":"info","event":"Filling up the DagBag from /opt/airflow/dags/bash_dag.py","logger":"airflow.dag_processing.dagbag.BundleDagBag","filename":"dagbag.py","lineno":460}
{"timestamp":"2026-09-15T14:34:46.123459Z","level":"warning","event":"The `airflow.operators.bash.BashOperator` attribute is deprecated. Please use `'airflow.providers.standard.operators.bash.BashOperator'`.","category":"UserWarning","filename":"/opt/airflow/dags/bash_dag.py","lineno":2,"logger":"py.warnings"}
{"timestamp":"2026-09-15T14:35:16.549722Z","level":"info","event":"Filling up the DagBag from /opt/airflow/dags/bash_dag.py","logger":"airflow.dag_processing.dagbag.BundleDagBag","filename":"dagbag.py","lineno":460}
{"timestamp":"2026-09-15T14:35:16.730072Z","level":"warning","event":"The `airflow.operators.bash.BashOperator` attribute is deprecated. Please use `'airflow.providers.standard.operators.bash.BashOperator'`.","category":"UserWarning","filename":"/opt/airflow/dags/bash_dag.py","lineno":2,"logger":"py.warnings"}
{"timestamp":"2026-09-15T14:35:47.308193Z","level":"info","event":"Filling up the DagBag from /opt/airflow/dags/bash_dag.py","logger":"airflow.dag_processing.dagbag.BundleDagBag","filename":"dagbag.py","lineno":460}
{"timestamp":"2026-09-15T14:35:47.471121Z","level":"warning","event":"The `airflow.operators.bash.BashOperator` attribute is deprecated. Please use `'airflow.providers.standard.operators.bash.BashOperator'`.","category":"UserWarning","filename":"/opt/airflow/dags/bash_dag.py","lineno":2,"logger":"py.warnings"}
{"timestamp":"2026-09-15T14:36:18.265174Z","level":"info","event":"Filling up the DagBag from /opt/airflow/dags/bash_dag.py","logger":"airflow.dag_processing.dagbag.BundleDagBag","filename":"dagbag.py","lineno":460}
{"timestamp":"2026-09-15T14:36:18.420608Z","level":"warning","event":"The `airflow.operators.bash.BashOperator` attribute is deprecated. Please use `'airflow.providers.standard.operators.bash.BashOperator'`.","category":"UserWarning","filename":"/opt/airflow/dags/bash_dag.py","lineno":2,"logger":"py.warnings"}
{"timestamp":"2026-09-15T14:36:49.156690Z","level":"info","event":"Filling up the DagBag from /opt/airflow/dags/bash_dag.py","logger":"airflow.dag_processing.dagbag.BundleDagBag","filename":"dagbag.py","lineno":460}
{"timestamp":"2026-09-15T14:36:49.281874Z","level":"warning","event":"The `airflow.operators.bash.BashOperator` attribute is deprecated. Please use `'airflow.providers.standard.operators.bash.BashOperator'`.","category":"UserWarning","filename":"/opt/airflow/dags/bash_dag.py","lineno":2,"logger":"py.warnings"}
{"timestamp":"2026-09-15T14:37:19.617953Z","level":"info","event":"Filling up the DagBag from /opt/airflow/dags/bash_dag.py","logger":"airflow.dag_processing.dagbag.BundleDagBag","filename":"dagbag.py","lineno":460}
{"timestamp":"2026-09-15T14:37:19.758648Z","level":"warning","event":"The `airflow.operators.bash.BashOperator` attribute is deprecated. Please use `'airflow.providers.standard.operators.bash.BashOperator'`.","category":"UserWarning","filename":"/opt/airflow/dags/bash_dag.py","lineno":2,"logger":"py.warnings"}
{"timestamp":"2026-09-15T14:37:50.723583Z","level":"info","event":"Filling up the DagBag from /opt/airflow/dags/bash_dag.py","logger":"airflow.dag_processing.dagbag.BundleDagBag","filename":"dagbag.py","lineno":460}
{"timestamp":"2026-09-15T14:37:50.925685Z","level":"warning","event":"The `airflow.operators.bash.BashOperator` attribute is deprecated. Please use `'airflow.providers.standard.operators.bash.BashOperator'`.","category":"UserWarning","filename":"/opt/airflow/dags/bash_dag.py","lineno":2,"logger":"py.warnings"}
{"timestamp":"2026-09-15T14:38:21.343214Z","level":"info","event":"Filling up the DagBag from /opt/airflow/dags/bash_dag.py","logger":"airflow.dag_processing.dagbag.BundleDagBag","filename":"dagbag.py","lineno":460}
{"timestamp":"2026-09-15T14:38:21.475240Z","level":"warning","event":"The `airflow.operators.bash.BashOperator` attribute is deprecated. Please use `'airflow.providers.standard.operators.bash.BashOperator'`.","category":"UserWarning","filename":"/opt/airflow/dags/bash_dag.py","lineno":2,"logger":"py.warnings"}
{"timestamp":"2026-09-15T14:38:52.009067Z","level":"info","event":"Filling up the DagBag from /opt/airflow/dags/bash_dag.py","logger":"airflow.dag_processing.dagbag.BundleDagBag","filename":"dagbag.py","lineno":460}
{"timestamp":"2026-09-15T14:38:52.120740Z","level":"warning","event":"The `airflow.operators.bash.BashOperator` attribute is deprecated. Please use `'airflow.providers.standard.operators.bash.BashOperator'`.","category":"UserWarning","filename":"/opt/airflow/dags/bash_dag.py","lineno":2,"logger":"py.warnings"}
{"timestamp":"2026-09-15T14:39:23.264914Z","level":"info","event":"Filling up the DagBag from /opt/airflow/dags/bash_dag.py","logger":"airflow.dag_processing.dagbag.BundleDagBag","filename":"dagbag.py","lineno":460}
{"timestamp":"2026-09-15T14:39:23.395541Z","level":"warning","event":"The `airflow.operators.bash.BashOperator` attribute is deprecated. Please use `'airflow.providers.standard.operators.bash.BashOperator'`.","category":"UserWarning","filename":"/opt/airflow/dags/bash_dag.py","lineno":2,"logger":"py.warnings"}
{"timestamp":"2026-09-15T14:39:53.974385Z","level":"info","event":"Filling up the DagBag from /opt/airflow/dags/bash_dag.py","logger":"airflow.dag_processing.dagbag.BundleDagBag","filename":"dagbag.py","lineno":460}
{"timestamp":"2026-09-15T14:39:54.106466Z","level":"warning","event":"The `airflow.operators.bash.BashOperator` attribute is deprecated. Please use `'airflow.providers.standard.operators.bash.BashOperator'`.","category":"UserWarning","filename":"/opt/airflow/dags/bash_dag.py","lineno":2,"logger":"py.warnings"}
{"timestamp":"2026-09-15T14:40:25.141513Z","level":"info","event":"Filling up the DagBag from /opt/airflow/dags/bash_dag.py","logger":"airflow.dag_processing.dagbag.BundleDagBag","filename":"dagbag.py","lineno":460}
{"timestamp":"2026-09-15T14:40:25.270236Z","level":"warning","event":"The `airflow.operators.bash.BashOperator` attribute is deprecated. Please use `'airflow.providers.standard.operators.bash.BashOperator'`.","category":"UserWarning","filename":"/opt/airflow/dags/bash_dag.py","lineno":2,"logger":"py.warnings"}
{"timestamp":"2026-09-15T14:40:55.836688Z","level":"info","event":"Filling up the DagBag from /opt/airflow/dags/bash_dag.py","logger":"airflow.dag_processing.dagbag.BundleDagBag","filename":"dagbag.py","lineno":460}
{"timestamp":"2026-09-15T14:40:56.011535Z","level":"warning","event":"The `airflow.operators.bash.BashOperator` attribute is deprecated. Please use `'airflow.providers.standard.operators.bash.BashOperator'`.","category":"UserWarning","filename":"/opt/airflow/dags/bash_dag.py","lineno":2,"logger":"py.warnings"}
{"timestamp":"2026-09-15T14:41:26.348642Z","level":"info","event":"Filling up the DagBag from /opt/airflow/dags/bash_dag.py","logger":"airflow.dag_processing.dagbag.BundleDagBag","filename":"dagbag.py","lineno":460}
{"timestamp":"2026-09-15T14:41:26.424561Z","level":"warning","event":"The `airflow.operators.bash.BashOperator` attribute is deprecated. Please use `'airflow.providers.standard.operators.bash.BashOperator'`.","category":"UserWarning","filename":"/opt/airflow/dags/bash_dag.py","lineno":2,"logger":"py.warnings"}
